CommunityID,Density,ClusteringCoeff,Conductance,FlakeODF,FOMD,TPR,CutRatio,Cohesiveness,Separability
1,1.0,0.0,1.0,1.0,0.0,0.0,0.00020004,1.0,0.0
2,0.66666667,0.0,0.42857143,0.0,0.33333333,0.0,0.00020012,0.5,0.66666667
3,0.66666667,0.6,0.11111111,0.0,0.75,0.75,5.004e-05,0.33333333,4.0
4,0.5,0.375,0.33333333,0.2,0.6,0.6,0.0002002,0.25,1.0
5,1.0,0.0,0.0,0.0,0.0,0.0,0.0,1.0,1.0
6,1.0,0.0,0.0,0.0,0.0,0.0,0.0,1.0,1.0
7,1.0,0.0,0.0,0.0,0.0,0.0,0.0,1.0,1.0
8,1.0,0.0,0.0,0.0,0.0,0.0,0.0,1.0,1.0
9,1.0,0.0,0.0,0.0,0.0,0.0,0.0,1.0,1.0
10,1.0,1.0,0.14285714,0.0,1.0,1.0,6.671e-05,1.0,3.0
11,1.0,0.0,1.0,1.0,0.0,0.0,0.00020004,1.0,0.0
12,0.5,0.0,0.14285714,0.0,0.25,0.0,5.004e-05,0.33333333,3.0
13,0.39285714,0.65217391,0.08333333,0.0,0.875,0.875,5.008e-05,0.14285714,5.5
14,0.5,0.0,0.0,0.0,0.25,0.0,0.0,0.33333333,3.0
15,0.66666667,0.0,0.2,0.0,0.33333333,0.0,6.671e-05,0.5,2.0
16,1.0,1.0,0.0,0.0,1.0,1.0,0.0,1.0,3.0
17,1.0,0.0,0.0,0.0,0.0,0.0,0.0,1.0,1.0
18,1.0,0.0,0.0,0.0,0.0,0.0,0.0,1.0,1.0
19,1.0,0.0,0.0,0.0,0.0,0.0,0.0,1.0,1.0
20,1.0,0.0,0.0,0.0,0.0,0.0,0.0,1.0,1.0
21,1.0,1.0,0.0,0.0,1.0,1.0,0.0,1.0,3.0
22,1.0,1.0,0.0,0.0,1.0,1.0,0.0,1.0,6.0
23,1.0,0.0,0.0,0.0,0.0,0.0,0.0,1.0,1.0
24,0.66666667,0.0,0.5,0.33333333,0.33333333,0.0,0.00026683,0.5,0.5
25,0.7,0.8,0.0,0.0,0.8,0.8,0.0,0.25,7.0
26,1.0,0.0,1.0,1.0,0.0,0.0,0.00020004,1.0,0.0
27,0.5,0.0,0.0,0.0,0.25,0.0,0.0,0.33333333,3.0
28,1.0,0.0,1.0,1.0,0.0,0.0,0.00020004,1.0,0.0
29,0.25,0.1,0.05263158,0.0,0.33333333,0.33333333,2.226e-05,0.125,9.0
30,0.4,0.0,0.46666667,0.4,0.4,0.0,0.00028028,0.25,0.57142857
31,0.2,0.0,0.55,0.1,0.2,0.0,0.00044088,0.11111111,0.40909091
32,0.33333333,0.0,0.36363636,0.14285714,0.57142857,0.0,0.00022889,0.16666667,0.875
33,0.66666667,0.0,0.63636364,0.33333333,0.33333333,0.0,0.00046695,0.5,0.28571429
34,1.0,0.0,0.5,0.5,0.0,0.0,0.00020008,1.0,0.5
35,0.09852217,0.09016393,0.02439024,0.0,0.55172414,0.51724138,1.387e-05,0.03571429,20.0
36,1.0,0.0,0.0,0.0,0.0,0.0,0.0,1.0,1.0
37,0.7,0.8,0.0,0.0,0.8,0.8,0.0,0.25,7.0
38,1.0,0.0,0.0,0.0,0.0,0.0,0.0,1.0,1.0
39,0.5,0.0,0.33333333,0.0,0.25,0.0,0.00015012,0.33333333,1.0
40,0.33333333,0.17647059,0.125,0.0,0.42857143,0.42857143,5.722e-05,0.16666667,3.5
41,1.0,0.0,0.0,0.0,0.0,0.0,0.0,1.0,1.0
42,1.0,0.0,0.0,0.0,0.0,0.0,0.0,1.0,1.0
43,0.4,0.0,0.2,0.0,0.2,0.0,8.008e-05,0.25,2.0
44,0.33333333,0.17647059,0.0,0.0,0.42857143,0.42857143,0.0,0.16666667,7.0
45,1.0,0.0,0.0,0.0,0.0,0.0,0.0,1.0,1.0
46,0.8,0.78947368,0.0,0.0,1.0,1.0,0.0,0.5,8.0
47,1.0,0.0,0.33333333,0.0,0.0,0.0,0.00010004,1.0,1.0
48,1.0,0.0,0.0,0.0,0.0,0.0,0.0,1.0,1.0
49,0.66666667,0.0,0.0,0.0,0.33333333,0.0,0.0,0.5,2.0
50,1.0,0.0,1.0,1.0,0.0,0.0,0.00020004,1.0,0.0
51,0.35714286,0.4,0.04761905,0.0,0.5,0.5,2.504e-05,0.14285714,10.0
52,0.4,0.0,0.38461538,0.0,0.2,0.0,0.0002002,0.25,0.8
53,1.0,0.0,0.0,0.0,0.0,0.0,0.0,1.0,1.0
54,0.5,0.0,0.0,0.0,0.25,0.0,0.0,0.33333333,3.0
55,1.0,0.0,0.33333333,0.0,0.0,0.0,0.00010004,1.0,1.0
56,1.0,0.0,0.0,0.0,0.0,0.0,0.0,1.0,1.0
57,1.0,0.0,0.0,0.0,0.0,0.0,0.0,1.0,1.0
58,0.66666667,0.0,0.33333333,0.0,0.33333333,0.0,0.00013341,0.5,1.0
59,1.0,0.0,0.0,0.0,0.0,0.0,0.0,1.0,1.0
60,1.0,0.0,0.0,0.0,0.0,0.0,0.0,1.0,1.0
61,1.0,0.0,0.0,0.0,0.0,0.0,0.0,1.0,1.0
62,1.0,0.0,0.33333333,0.0,0.0,0.0,0.00010004,1.0,1.0
63,0.66666667,0.0,0.2,0.0,0.33333333,0.0,6.671e-05,0.5,2.0
64,1.0,1.0,0.0,0.0,1.0,1.0,0.0,1.0,3.0
65,0.5,0.0,0.25,0.0,0.25,0.0,0.00010008,0.33333333,1.5
66,0.4,0.0,0.0,0.0,0.2,0.0,0.0,0.25,4.0
67,1.0,0.0,0.0,0.0,0.0,0.0,0.0,1.0,1.0
68,0.5,0.0,0.0,0.0,0.25,0.0,0.0,0.33333333,3.0
69,1.0,0.0,0.0,0.0,0.0,0.0,0.0,1.0,1.0
70,1.0,0.0,1.0,1.0,0.0,0.0,0.00020004,1.0,0.0
71,0.24444444,0.14634146,0.0,0.0,0.4,0.4,0.0,0.11111111,11.0
72,0.32142857,0.23076923,0.1,0.0,0.5,0.5,5.008e-05,0.14285714,4.5
73,0.5,0.0,0.0,0.0,0.25,0.0,0.0,0.33333333,3.0
74,1.0,0.0,0.0,0.0,0.0,0.0,0.0,1.0,1.0
75,1.0,0.0,0.0,0.0,0.0,0.0,0.0,1.0,1.0
76,1.0,0.0,0.0,0.0,0.0,0.0,0.0,1.0,1.0
77,0.66666667,0.0,0.0,0.0,0.33333333,0.0,0.0,0.5,2.0
78,1.0,0.0,0.0,0.0,0.0,0.0,0.0,1.0,1.0
79,1.0,0.0,0.0,0.0,0.0,0.0,0.0,1.0,1.0
80,1.0,0.0,0.0,0.0,0.0,0.0,0.0,1.0,1.0
81,1.0,0.0,0.33333333,0.0,0.0,0.0,0.00010004,1.0,1.0
82,0.66666667,0.0,0.0,0.0,0.33333333,0.0,0.0,0.5,2.0
83,1.0,0.0,0.0,0.0,0.0,0.0,0.0,1.0,1.0
84,0.5,0.0,0.0,0.0,0.25,0.0,0.0,0.33333333,3.0
85,1.0,0.0,0.33333333,0.0,0.0,0.0,0.00010004,1.0,1.0
86,0.4,0.0,0.2,0.2,0.2,0.0,8.008e-05,0.25,2.0
87,0.83333333,0.75,0.0,0.0,1.0,1.0,0.0,0.66666667,5.0
88,0.66666667,0.0,0.0,0.0,0.33333333,0.0,0.0,0.5,2.0
89,0.66666667,0.0,0.0,0.0,0.33333333,0.0,0.0,0.5,2.0
90,1.0,0.0,0.0,0.0,0.0,0.0,0.0,1.0,1.0
91,0.4,0.25,0.67567568,0.66666667,0.5,0.5,0.00083433,0.2,0.24
92,1.0,1.0,0.0,0.0,1.0,1.0,0.0,1.0,3.0
93,0.66666667,0.0,0.0,0.0,0.33333333,0.0,0.0,0.5,2.0
94,0.7,0.6,0.0,0.0,1.0,1.0,0.0,0.5,7.0
95,1.0,0.0,0.0,0.0,0.0,0.0,0.0,1.0,1.0
96,1.0,0.0,0.0,0.0,0.0,0.0,0.0,1.0,1.0
97,0.66666667,0.6,0.0,0.0,0.75,0.75,0.0,0.33333333,4.0
98,1.0,0.0,0.0,0.0,0.0,0.0,0.0,1.0,1.0
99,0.66666667,0.0,0.33333333,0.0,0.33333333,0.0,0.00013341,0.5,1.0
100,1.0,0.0,0.0,0.0,0.0,0.0,0.0,1.0,1.0
101,1.0,0.0,0.0,0.0,0.0,0.0,0.0,1.0,1.0
102,0.8,0.66666667,0.23809524,0.0,1.0,1.0,0.0002002,0.75,1.6
103,0.7,0.64285714,0.3,0.0,1.0,1.0,0.00024024,0.5,1.16666667
104,0.66666667,0.0,0.0,0.0,0.33333333,0.0,0.0,0.5,2.0
105,1.0,0.0,0.33333333,0.0,0.0,0.0,0.00010004,1.0,1.0
106,0.66666667,0.0,0.0,0.0,0.33333333,0.0,0.0,0.5,2.0
107,0.5,0.0,0.25,0.0,0.25,0.0,0.00010008,0.33333333,1.5
108,0.4,0.0,0.2,0.0,0.2,0.0,8.008e-05,0.25,2.0
109,0.66666667,0.0,0.0,0.0,0.33333333,0.0,0.0,0.5,2.0
110,1.0,0.0,0.0,0.0,0.0,0.0,0.0,1.0,1.0
111,1.0,1.0,0.0,0.0,1.0,1.0,0.0,1.0,3.0
112,0.5,0.0,0.33333333,0.0,0.25,0.0,0.00015012,0.33333333,1.0
113,1.0,0.0,0.0,0.0,0.0,0.0,0.0,1.0,1.0
114,1.0,0.0,0.33333333,0.0,0.0,0.0,0.00010004,1.0,1.0
115,0.66666667,0.0,0.0,0.0,0.33333333,0.0,0.0,0.5,2.0
116,0.66666667,0.0,0.0,0.0,0.33333333,0.0,0.0,0.5,2.0
117,0.83333333,0.75,0.0,0.0,1.0,1.0,0.0,0.66666667,5.0
118,1.0,0.0,0.0,0.0,0.0,0.0,0.0,1.0,1.0
119,0.66666667,0.0,0.0,0.0,0.33333333,0.0,0.0,0.5,2.0
120,1.0,0.0,0.0,0.0,0.0,0.0,0.0,1.0,1.0
121,1.0,0.0,0.0,0.0,0.0,0.0,0.0,1.0,1.0
122,1.0,0.0,0.0,0.0,0.0,0.0,0.0,1.0,1.0
123,1.0,0.0,0.0,0.0,0.0,0.0,0.0,1.0,1.0
124,1.0,0.0,0.0,0.0,0.0,0.0,0.0,1.0,1.0
125,0.66666667,0.0,0.2,0.0,0.33333333,0.0,6.671e-05,0.5,2.0
126,1.0,0.0,0.0,0.0,0.0,0.0,0.0,1.0,1.0
127,1.0,0.0,0.33333333,0.0,0.0,0.0,0.00010004,1.0,1.0
128,0.66666667,0.0,0.0,0.0,0.33333333,0.0,0.0,0.5,2.0
129,1.0,0.0,0.0,0.0,0.0,0.0,0.0,1.0,1.0
130,1.0,1.0,0.0,0.0,1.0,1.0,0.0,1.0,3.0
131,1.0,0.0,0.33333333,0.0,0.0,0.0,0.00010004,1.0,1.0
132,0.22222222,0.07894737,0.0,0.0,0.3,0.3,0.0,0.11111111,10.0
133,0.25,0.1,0.05263158,0.0,0.33333333,0.33333333,2.226e-05,0.125,9.0
134,1.0,0.0,0.33333333,0.0,0.0,0.0,0.00010004,1.0,1.0
135,0.66666667,0.0,0.0,0.0,0.33333333,0.0,0.0,0.5,2.0
136,1.0,0.0,0.0,0.0,0.0,0.0,0.0,1.0,1.0
137,1.0,0.0,0.0,0.0,0.0,0.0,0.0,1.0,1.0
138,1.0,0.0,0.0,0.0,0.0,0.0,0.0,1.0,1.0
139,1.0,0.0,0.71428571,1.0,0.0,0.0,0.0005002,1.0,0.2
140,0.33333333,0.0,0.0,0.0,0.16666667,0.0,0.0,0.2,5.0
141,1.0,0.0,0.33333333,0.0,0.0,0.0,0.00010004,1.0,1.0
142,0.66666667,0.0,0.2,0.0,0.33333333,0.0,6.671e-05,0.5,2.0
143,1.0,0.0,0.0,0.0,0.0,0.0,0.0,1.0,1.0
144,1.0,1.0,0.0,0.0,1.0,1.0,0.0,1.0,6.0
145,1.0,0.0,0.0,0.0,0.0,0.0,0.0,1.0,1.0
146,0.5,0.0,0.0,0.0,0.25,0.0,0.0,0.33333333,3.0
147,0.5,0.0,0.0,0.0,0.25,0.0,0.0,0.33333333,3.0
148,1.0,0.0,0.0,0.0,0.0,0.0,0.0,1.0,1.0
149,1.0,0.0,0.0,0.0,0.0,0.0,0.0,1.0,1.0
150,1.0,0.0,0.0,0.0,0.0,0.0,0.0,1.0,1.0
151,1.0,0.0,0.0,0.0,0.0,0.0,0.0,1.0,1.0
152,1.0,0.0,0.0,0.0,0.0,0.0,0.0,1.0,1.0
153,1.0,0.0,0.0,0.0,0.0,0.0,0.0,1.0,1.0
154,0.9,0.875,0.0,0.0,1.0,1.0,0.0,0.75,9.0
155,1.0,0.0,0.0,0.0,0.0,0.0,0.0,1.0,1.0
156,0.61904762,0.61363636,0.0,0.0,1.0,1.0,0.0,0.33333333,13.0
157,1.0,0.0,0.0,0.0,0.0,0.0,0.0,1.0,1.0
158,0.66666667,0.0,0.0,0.0,0.33333333,0.0,0.0,0.5,2.0
159,1.0,0.0,0.0,0.0,0.0,0.0,0.0,1.0,1.0
160,1.0,1.0,0.0,0.0,1.0,1.0,0.0,1.0,3.0
161,1.0,0.0,0.0,0.0,0.0,0.0,0.0,1.0,1.0
162,0.4,0.25,0.0,0.0,0.5,0.5,0.0,0.2,6.0
163,1.0,0.0,0.0,0.0,0.0,0.0,0.0,1.0,1.0
164,1.0,1.0,0.0,0.0,1.0,1.0,0.0,1.0,3.0
165,0.6,0.54545455,0.07692308,0.0,0.8,0.8,4.004e-05,0.25,6.0
166,1.0,1.0,0.0,0.0,1.0,1.0,0.0,1.0,3.0
167,0.66666667,0.0,0.0,0.0,0.33333333,0.0,0.0,0.5,2.0
168,1.0,0.0,0.33333333,0.0,0.0,0.0,0.00010004,1.0,1.0
169,0.33333333,0.0,0.0,0.0,0.5,0.0,0.0,0.2,5.0
170,1.0,0.0,0.0,0.0,0.0,0.0,0.0,1.0,1.0
171,1.0,0.0,0.0,0.0,0.0,0.0,0.0,1.0,1.0
172,1.0,0.0,0.0,0.0,0.0,0.0,0.0,1.0,1.0
173,1.0,0.0,0.0,0.0,0.0,0.0,0.0,1.0,1.0
174,0.66666667,0.0,0.0,0.0,0.33333333,0.0,0.0,0.5,2.0
175,1.0,0.0,0.33333333,0.0,0.0,0.0,0.00010004,1.0,1.0
176,1.0,0.0,0.0,0.0,0.0,0.0,0.0,1.0,1.0
177,0.66666667,0.0,0.0,0.0,0.33333333,0.0,0.0,0.5,2.0
178,1.0,1.0,0.0,0.0,1.0,1.0,0.0,1.0,3.0
179,0.5,0.0,0.0,0.0,0.25,0.0,0.0,0.33333333,3.0
180,1.0,0.0,0.5,0.0,0.0,0.0,0.00020008,1.0,0.5
181,0.55555556,0.63529412,0.02439024,0.0,1.0,1.0,2.226e-05,0.25,20.0
182,1.0,0.0,0.0,0.0,0.0,0.0,0.0,1.0,1.0
183,1.0,0.0,0.33333333,0.0,0.0,0.0,0.00010004,1.0,1.0
184,0.5,0.0,0.4,0.0,0.25,0.0,0.00020016,0.33333333,0.75
185,0.66666667,0.0,0.2,0.0,0.33333333,0.0,6.671e-05,0.5,2.0
186,0.66666667,0.0,0.0,0.0,0.33333333,0.0,0.0,0.5,2.0
187,1.0,0.0,0.33333333,0.0,0.0,0.0,0.00010004,1.0,1.0
188,0.6,0.54545455,0.0,0.0,0.8,0.8,0.0,0.25,6.0
189,1.0,0.0,0.0,0.0,0.0,0.0,0.0,1.0,1.0
190,1.0,0.0,0.0,0.0,0.0,0.0,0.0,1.0,1.0
191,0.66666667,0.61363636,0.0,0.0,1.0,1.0,0.0,0.5,14.0
192,1.0,0.0,0.0,0.0,0.0,0.0,0.0,1.0,1.0
193,0.9,0.875,0.0,0.0,1.0,1.0,0.0,0.75,9.0
194,1.0,0.0,0.0,0.0,0.0,0.0,0.0,1.0,1.0
195,1.0,0.0,0.0,0.0,0.0,0.0,0.0,1.0,1.0
196,1.0,0.0,1.0,1.0,0.0,0.0,0.00020004,1.0,0.0
197,0.22222222,0.0,0.15789474,0.0,0.11111111,0.0,6.679e-05,0.125,2.66666667
198,1.0,0.0,1.0,1.0,0.0,0.0,0.00020004,1.0,0.0
199,1.0,0.0,1.0,1.0,0.0,0.0,0.00020004,1.0,0.0
200,0.33333333,0.0,0.09090909,0.0,0.16666667,0.0,3.337e-05,0.2,5.0
201,1.0,0.0,0.0,0.0,0.0,0.0,0.0,1.0,1.0
202,1.0,0.0,0.0,0.0,0.0,0.0,0.0,1.0,1.0
203,1.0,0.0,0.0,0.0,0.0,0.0,0.0,1.0,1.0
204,1.0,0.0,1.0,1.0,0.0,0.0,0.00020004,1.0,0.0
205,0.5,0.0,0.0,0.0,0.25,0.0,0.0,0.33333333,3.0
206,1.0,0.0,0.0,0.0,0.0,0.0,0.0,1.0,1.0
207,1.0,0.0,0.0,0.0,0.0,0.0,0.0,1.0,1.0
208,1.0,0.0,0.0,0.0,0.0,0.0,0.0,1.0,1.0
209,0.5,0.5,0.0,0.0,0.8,0.6,0.0,0.25,5.0
210,1.0,1.0,0.0,0.0,1.0,1.0,0.0,1.0,3.0
211,0.4,0.25,0.0,0.0,0.5,0.5,0.0,0.2,6.0
212,1.0,0.0,0.0,0.0,0.0,0.0,0.0,1.0,1.0
213,0.66666667,0.0,0.0,0.0,0.33333333,0.0,0.0,0.5,2.0
214,1.0,0.0,0.0,0.0,0.0,0.0,0.0,1.0,1.0
215,0.66666667,0.6,0.0,0.0,0.75,0.75,0.0,0.33333333,4.0
216,1.0,0.0,0.0,0.0,0.0,0.0,0.0,1.0,1.0
217,1.0,0.0,0.0,0.0,0.0,0.0,0.0,1.0,1.0
218,1.0,0.0,0.0,0.0,0.0,0.0,0.0,1.0,1.0
219,1.0,0.0,0.0,0.0,0.0,0.0,0.0,1.0,1.0
220,1.0,0.0,0.6,0.5,0.0,0.0,0.00030012,1.0,0.33333333
221,1.0,0.0,1.0,1.0,0.0,0.0,0.00020004,1.0,0.0
222,0.5,0.0,0.4,0.0,0.25,0.0,0.00020016,0.33333333,0.75
223,0.42857143,0.39130435,0.0,0.0,0.71428571,0.71428571,0.0,0.16666667,9.0
224,0.5,0.0,0.33333333,0.0,0.5,0.0,0.00015012,0.33333333,1.0
225,1.0,0.0,0.0,0.0,0.0,0.0,0.0,1.0,1.0
226,1.0,0.0,1.0,1.0,0.0,0.0,0.00020004,1.0,0.0
227,0.2,0.0,0.1,0.0,0.1,0.0,4.008e-05,0.11111111,4.5
228,0.18181818,0.0,0.04761905,0.0,0.18181818,0.0,1.822e-05,0.1,10.0
229,0.66666667,0.0,0.42857143,0.0,0.33333333,0.0,0.00020012,0.5,0.66666667
230,0.83333333,0.75,0.0,0.0,1.0,1.0,0.0,0.66666667,5.0
231,0.5,0.0,0.0,0.0,0.25,0.0,0.0,0.33333333,3.0
232,1.0,0.0,0.0,0.0,0.0,0.0,0.0,1.0,1.0
233,1.0,0.0,0.0,0.0,0.0,0.0,0.0,1.0,1.0
234,1.0,0.0,0.0,0.0,0.0,0.0,0.0,1.0,1.0
235,0.66666667,0.0,0.2,0.0,0.33333333,0.0,6.671e-05,0.5,2.0
236,0.5,0.0,0.0,0.0,0.25,0.0,0.0,0.33333333,3.0
237,1.0,0.0,0.0,0.0,0.0,0.0,0.0,1.0,1.0
238,0.5,0.0,0.14285714,0.0,0.25,0.0,5.004e-05,0.33333333,3.0
239,0.4,0.0,0.0,0.0,0.2,0.0,0.0,0.25,4.0
240,0.5,0.0,0.0,0.0,0.25,0.0,0.0,0.33333333,3.0
241,1.0,0.0,0.0,0.0,0.0,0.0,0.0,1.0,1.0
242,1.0,0.0,0.33333333,0.0,0.0,0.0,0.00010004,1.0,1.0
243,1.0,0.0,0.33333333,0.0,0.0,0.0,0.00010004,1.0,1.0
244,0.66666667,0.0,0.0,0.0,0.33333333,0.0,0.0,0.5,2.0
245,1.0,0.0,0.5,0.5,0.0,0.0,0.00020008,1.0,0.5
246,0.66666667,0.6,0.2,0.0,0.75,0.75,0.00010008,0.33333333,2.0
247,0.4,0.3,0.0,0.0,0.5,0.5,0.0,0.2,6.0
248,0.32142857,0.24,0.37931034,0.125,0.625,0.625,0.00027544,0.14285714,0.81818182
249,1.0,0.0,0.0,0.0,0.0,0.0,0.0,1.0,1.0
250,1.0,0.0,0.0,0.0,0.0,0.0,0.0,1.0,1.0
251,1.0,0.0,0.0,0.0,0.0,0.0,0.0,1.0,1.0
252,0.66666667,0.0,0.0,0.0,0.33333333,0.0,0.0,0.5,2.0
253,1.0,0.0,0.0,0.0,0.0,0.0,0.0,1.0,1.0
254,1.0,0.0,0.0,0.0,0.0,0.0,0.0,1.0,1.0
255,1.0,0.0,0.0,0.0,0.0,0.0,0.0,1.0,1.0
256,1.0,1.0,0.0,0.0,1.0,1.0,0.0,1.0,3.0
257,0.66666667,0.0,0.0,0.0,0.33333333,0.0,0.0,0.5,2.0
258,1.0,0.0,0.0,0.0,0.0,0.0,0.0,1.0,1.0
259,1.0,0.0,0.0,0.0,0.0,0.0,0.0,1.0,1.0
260,1.0,0.0,0.0,0.0,0.0,0.0,0.0,1.0,1.0
261,1.0,0.0,0.33333333,0.0,0.0,0.0,0.00010004,1.0,1.0
262,1.0,0.0,0.0,0.0,0.0,0.0,0.0,1.0,1.0
263,1.0,0.0,0.0,0.0,0.0,0.0,0.0,1.0,1.0
264,1.0,0.0,0.0,0.0,0.0,0.0,0.0,1.0,1.0
265,1.0,1.0,0.0,0.0,1.0,1.0,0.0,1.0,3.0
266,1.0,0.0,0.33333333,0.0,0.0,0.0,0.00010004,1.0,1.0
267,0.33333333,0.0,0.0,0.0,0.16666667,0.0,0.0,0.2,5.0
268,1.0,0.0,0.0,0.0,0.0,0.0,0.0,1.0,1.0
269,0.33333333,0.0,0.16666667,0.0,0.66666667,0.0,6.675e-05,0.2,2.5
270,0.5,0.0,0.25,0.25,0.5,0.0,0.00010008,0.33333333,1.5
271,1.0,0.0,0.0,0.0,0.0,0.0,0.0,1.0,1.0
272,0.5,0.0,0.4,0.0,0.25,0.0,0.00020016,0.33333333,0.75
273,0.21818182,0.15789474,0.04,0.0,0.36363636,0.36363636,1.822e-05,0.1,12.0
274,1.0,0.0,0.0,0.0,0.0,0.0,0.0,1.0,1.0
275,1.0,0.0,0.0,0.0,0.0,0.0,0.0,1.0,1.0
276,1.0,0.0,0.0,0.0,0.0,0.0,0.0,1.0,1.0
277,1.0,0.0,0.0,0.0,0.0,0.0,0.0,1.0,1.0
278,1.0,1.0,0.0,0.0,1.0,1.0,0.0,1.0,3.0
279,0.5,0.0,0.14285714,0.0,0.25,0.0,5.004e-05,0.33333333,3.0
280,1.0,0.0,1.0,1.0,0.0,0.0,0.00020004,1.0,0.0
281,1.0,1.0,0.0,0.0,1.0,1.0,0.0,1.0,3.0
282,1.0,1.0,0.0,0.0,1.0,1.0,0.0,1.0,3.0
283,0.5,0.0,0.0,0.0,0.25,0.0,0.0,0.33333333,3.0
284,1.0,1.0,0.0,0.0,1.0,1.0,0.0,1.0,6.0
285,1.0,1.0,0.0,0.0,1.0,1.0,0.0,1.0,3.0
286,1.0,1.0,0.0,0.0,1.0,1.0,0.0,1.0,3.0
287,1.0,0.0,0.0,0.0,0.0,0.0,0.0,1.0,1.0
288,0.66666667,0.0,0.2,0.0,0.33333333,0.0,6.671e-05,0.5,2.0
289,1.0,0.0,0.0,0.0,0.0,0.0,0.0,1.0,1.0
290,1.0,0.0,0.0,0.0,0.0,0.0,0.0,1.0,1.0
291,0.66666667,0.6,0.0,0.0,0.75,0.75,0.0,0.33333333,4.0
292,1.0,0.0,0.0,0.0,0.0,0.0,0.0,1.0,1.0
293,1.0,0.0,0.0,0.0,0.0,0.0,0.0,1.0,1.0
294,0.33333333,0.0,0.28571429,0.0,0.16666667,0.0,0.00013349,0.2,1.25
295,0.66666667,0.0,0.0,0.0,0.33333333,0.0,0.0,0.5,2.0
296,0.16666667,0.0,0.04347826,0.0,0.08333333,0.0,1.671e-05,0.09090909,11.0
297,1.0,0.0,0.0,0.0,0.0,0.0,0.0,1.0,1.0
298,0.83333333,0.75,0.09090909,0.0,1.0,1.0,5.004e-05,0.66666667,5.0
299,0.6,0.54545455,0.0,0.0,0.8,0.8,0.0,0.25,6.0
300,1.0,0.0,0.0,0.0,0.0,0.0,0.0,1.0,1.0
301,0.66666667,0.0,0.42857143,0.0,0.33333333,0.0,0.00020012,0.5,0.66666667
302,1.0,0.0,0.0,0.0,0.0,0.0,0.0,1.0,1.0
303,0.5,0.375,0.41176471,0.0,0.6,0.6,0.00028028,0.25,0.71428571
304,0.5,0.66,0.0,0.0,0.75,0.75,0.0,0.14285714,14.0
305,1.0,0.0,0.0,0.0,0.0,0.0,0.0,1.0,1.0
306,1.0,0.0,0.33333333,0.0,0.0,0.0,0.00010004,1.0,1.0
307,0.66666667,0.0,0.0,0.0,0.33333333,0.0,0.0,0.5,2.0
308,1.0,1.0,0.25,0.0,1.0,1.0,0.00013341,1.0,1.5
309,0.6,0.6,0.0,0.0,1.0,1.0,0.0,0.5,6.0
310,1.0,0.0,0.0,0.0,0.0,0.0,0.0,1.0,1.0
311,1.0,0.0,0.0,0.0,0.0,0.0,0.0,1.0,1.0
312,1.0,0.0,0.0,0.0,0.0,0.0,0.0,1.0,1.0
313,0.25,0.1,0.18181818,0.0,0.33333333,0.33333333,8.905e-05,0.125,2.25
314,0.16666667,0.04411765,0.03703704,0.0,0.23076923,0.23076923,1.542e-05,0.08333333,13.0
315,1.0,0.0,0.0,0.0,0.0,0.0,0.0,1.0,1.0
316,1.0,0.0,0.0,0.0,0.0,0.0,0.0,1.0,1.0
317,0.66666667,0.0,0.0,0.0,0.33333333,0.0,0.0,0.5,2.0
318,1.0,0.0,0.0,0.0,0.0,0.0,0.0,1.0,1.0
319,0.5,0.0,0.53846154,0.25,0.25,0.0,0.00035028,0.33333333,0.42857143
320,0.66666667,0.0,0.42857143,0.0,0.33333333,0.0,0.00020012,0.5,0.66666667
321,0.6,0.54545455,0.07692308,0.0,0.8,0.8,4.004e-05,0.25,6.0
322,0.5,0.0,0.0,0.0,0.25,0.0,0.0,0.33333333,3.0
323,0.66666667,0.0,0.0,0.0,0.33333333,0.0,0.0,0.5,2.0
324,1.0,0.0,1.0,1.0,0.0,0.0,0.00020004,1.0,0.0
325,0.5,0.375,0.0,0.0,0.6,0.6,0.0,0.25,5.0
326,1.0,1.0,0.0,0.0,1.0,1.0,0.0,1.0,3.0
327,1.0,0.0,0.0,0.0,0.0,0.0,0.0,1.0,1.0
328,1.0,0.0,0.0,0.0,0.0,0.0,0.0,1.0,1.0
329,1.0,0.0,0.33333333,0.0,0.0,0.0,0.00010004,1.0,1.0
330,1.0,0.0,0.0,0.0,0.0,0.0,0.0,1.0,1.0
331,0.66666667,0.0,0.0,0.0,0.33333333,0.0,0.0,0.5,2.0
332,1.0,0.0,0.0,0.0,0.0,0.0,0.0,1.0,1.0
333,0.66666667,0.0,0.0,0.0,0.33333333,0.0,0.0,0.5,2.0
334,1.0,1.0,0.0,0.0,1.0,1.0,0.0,1.0,3.0
335,1.0,0.0,0.0,0.0,0.0,0.0,0.0,1.0,1.0
336,0.66666667,0.0,0.2,0.0,0.33333333,0.0,6.671e-05,0.5,2.0
337,1.0,0.0,0.33333333,0.0,0.0,0.0,0.00010004,1.0,1.0
338,1.0,0.0,0.0,0.0,0.0,0.0,0.0,1.0,1.0
339,1.0,0.0,0.0,0.0,0.0,0.0,0.0,1.0,1.0
340,1.0,0.0,0.0,0.0,0.0,0.0,0.0,1.0,1.0
341,0.66666667,0.0,0.42857143,0.0,0.33333333,0.0,0.00020012,0.5,0.66666667
342,1.0,0.0,0.0,0.0,0.0,0.0,0.0,1.0,1.0
343,1.0,0.0,0.33333333,0.0,0.0,0.0,0.00010004,1.0,1.0
344,0.66666667,0.0,0.0,0.0,0.33333333,0.0,0.0,0.5,2.0
345,0.5,0.0,0.0,0.0,0.25,0.0,0.0,0.33333333,3.0
346,1.0,0.0,0.0,0.0,0.0,0.0,0.0,1.0,1.0
347,1.0,0.0,0.33333333,0.0,0.0,0.0,0.00010004,1.0,1.0
348,0.5,0.5,0.23076923,0.0,0.8,0.6,0.00012012,0.25,1.66666667
349,0.66666667,0.0,0.2,0.0,0.33333333,0.0,6.671e-05,0.5,2.0
350,1.0,0.0,1.0,1.0,0.0,0.0,0.00020004,1.0,0.0
351,0.66666667,0.0,0.2,0.0,0.33333333,0.0,6.671e-05,0.5,2.0
352,1.0,0.0,0.0,0.0,0.0,0.0,0.0,1.0,1.0
353,0.5,0.0,0.14285714,0.0,0.5,0.0,5.004e-05,0.33333333,3.0
354,0.66666667,0.0,0.2,0.0,0.33333333,0.0,6.671e-05,0.5,2.0
355,0.4,0.0,0.0,0.0,0.6,0.0,0.0,0.25,4.0
356,1.0,0.0,1.0,1.0,0.0,0.0,0.00020004,1.0,0.0
357,0.33333333,0.0,0.0,0.0,0.16666667,0.0,0.0,0.2,5.0
358,1.0,0.0,0.0,0.0,0.0,0.0,0.0,1.0,1.0
359,1.0,0.0,1.0,1.0,0.0,0.0,0.00020004,1.0,0.0
360,1.0,0.0,0.5,0.5,0.0,0.0,0.00020008,1.0,0.5
361,0.5,0.0,0.0,0.0,0.25,0.0,0.0,0.33333333,3.0
362,1.0,0.0,0.0,0.0,0.0,0.0,0.0,1.0,1.0
363,1.0,0.0,0.5,0.0,0.0,0.0,0.00020008,1.0,0.5
364,1.0,0.0,0.0,0.0,0.0,0.0,0.0,1.0,1.0
365,1.0,0.0,0.0,0.0,0.0,0.0,0.0,1.0,1.0
366,0.66666667,0.0,0.42857143,0.33333333,0.33333333,0.0,0.00020012,0.5,0.66666667
367,0.66666667,0.6,0.27272727,0.0,0.75,0.75,0.00015012,0.33333333,1.33333333
368,1.0,0.0,0.0,0.0,0.0,0.0,0.0,1.0,1.0
369,1.0,0.0,0.0,0.0,0.0,0.0,0.0,1.0,1.0
370,1.0,0.0,1.0,1.0,0.0,0.0,0.00020004,1.0,0.0
371,0.66666667,0.0,0.0,0.0,0.33333333,0.0,0.0,0.5,2.0
372,1.0,0.0,0.33333333,0.0,0.0,0.0,0.00010004,1.0,1.0
373,0.66666667,0.0,0.0,0.0,0.33333333,0.0,0.0,0.5,2.0
374,1.0,0.0,0.0,0.0,0.0,0.0,0.0,1.0,1.0
375,1.0,0.0,0.0,0.0,0.0,0.0,0.0,1.0,1.0
376,0.66666667,0.0,0.0,0.0,0.33333333,0.0,0.0,0.5,2.0
377,1.0,0.0,0.33333333,0.0,0.0,0.0,0.00010004,1.0,1.0
378,0.66666667,0.0,0.33333333,0.33333333,0.33333333,0.0,0.00013341,0.5,1.0
379,0.38095238,0.42857143,0.0,0.0,0.71428571,0.57142857,0.0,0.16666667,8.0
380,1.0,1.0,0.0,0.0,1.0,1.0,0.0,1.0,3.0
381,1.0,0.0,0.0,0.0,0.0,0.0,0.0,1.0,1.0
382,0.66666667,0.0,0.0,0.0,0.33333333,0.0,0.0,0.5,2.0
383,1.0,1.0,0.0,0.0,1.0,1.0,0.0,1.0,3.0
384,0.28571429,0.15789474,0.23809524,0.125,0.375,0.375,0.0001252,0.14285714,1.6
385,1.0,0.0,0.0,0.0,0.0,0.0,0.0,1.0,1.0
386,0.5,0.375,0.0,0.0,0.6,0.6,0.0,0.25,5.0
387,0.5,0.0,0.0,0.0,0.25,0.0,0.0,0.33333333,3.0
388,1.0,0.0,1.0,1.0,0.0,0.0,0.00020004,1.0,0.0
389,1.0,0.0,0.0,0.0,0.0,0.0,0.0,1.0,1.0
390,1.0,0.0,0.0,0.0,0.0,0.0,0.0,1.0,1.0
391,1.0,0.0,0.0,0.0,0.0,0.0,0.0,1.0,1.0
392,1.0,0.0,0.0,0.0,0.0,0.0,0.0,1.0,1.0
393,1.0,0.0,0.0,0.0,0.0,0.0,0.0,1.0,1.0
394,0.5,0.0,0.14285714,0.0,0.25,0.0,5.004e-05,0.33333333,3.0
395,1.0,0.0,0.0,0.0,0.0,0.0,0.0,1.0,1.0
396,1.0,0.0,0.0,0.0,0.0,0.0,0.0,1.0,1.0
397,1.0,0.0,0.0,0.0,0.0,0.0,0.0,1.0,1.0
398,1.0,1.0,0.0,0.0,1.0,1.0,0.0,1.0,3.0
399,1.0,0.0,0.0,0.0,0.0,0.0,0.0,1.0,1.0
400,1.0,0.0,0.0,0.0,0.0,0.0,0.0,1.0,1.0
401,1.0,0.0,0.0,0.0,0.0,0.0,0.0,1.0,1.0
402,1.0,0.0,0.33333333,0.0,0.0,0.0,0.00010004,1.0,1.0
403,1.0,0.0,0.0,0.0,0.0,0.0,0.0,1.0,1.0
404,0.66666667,0.0,0.0,0.0,0.33333333,0.0,0.0,0.5,2.0
405,1.0,1.0,0.0,0.0,1.0,1.0,0.0,1.0,3.0
406,1.0,0.0,1.0,1.0,0.0,0.0,0.00020004,1.0,0.0
407,0.5,0.0,0.4,0.25,0.5,0.0,0.00020016,0.33333333,0.75
408,1.0,0.0,0.33333333,0.0,0.0,0.0,0.00010004,1.0,1.0
409,1.0,0.0,0.0,0.0,0.0,0.0,0.0,1.0,1.0
410,1.0,0.0,0.0,0.0,0.0,0.0,0.0,1.0,1.0
411,1.0,0.0,0.0,0.0,0.0,0.0,0.0,1.0,1.0
412,1.0,0.0,0.0,0.0,0.0,0.0,0.0,1.0,1.0
413,0.33333333,0.0,0.09090909,0.0,0.33333333,0.0,3.337e-05,0.2,5.0
414,0.66666667,0.6,0.2,0.0,0.75,0.75,0.00010008,0.33333333,2.0
415,1.0,0.0,0.0,0.0,0.0,0.0,0.0,1.0,1.0
416,0.28571429,0.13043478,0.11111111,0.0,0.375,0.375,5.008e-05,0.14285714,4.0
417,0.33333333,0.17647059,0.17647059,0.0,0.42857143,0.42857143,8.583e-05,0.16666667,2.33333333
418,0.5,0.0,0.0,0.0,0.8,0.0,0.0,0.25,5.0
419,1.0,0.0,0.0,0.0,0.0,0.0,0.0,1.0,1.0
420,1.0,0.0,0.0,0.0,0.0,0.0,0.0,1.0,1.0
421,1.0,0.0,0.33333333,0.0,0.0,0.0,0.00010004,1.0,1.0
422,1.0,0.0,0.0,0.0,0.0,0.0,0.0,1.0,1.0
423,1.0,1.0,0.0,0.0,1.0,1.0,0.0,1.0,3.0
424,1.0,0.0,0.0,0.0,0.0,0.0,0.0,1.0,1.0
425,0.66666667,0.0,0.0,0.0,0.33333333,0.0,0.0,0.5,2.0
426,1.0,0.0,1.0,1.0,0.0,0.0,0.00020004,1.0,0.0
427,0.66666667,0.0,0.0,0.0,0.33333333,0.0,0.0,0.5,2.0
428,1.0,0.0,1.0,1.0,0.0,0.0,0.00020004,1.0,0.0
429,0.66666667,0.0,0.0,0.0,0.33333333,0.0,0.0,0.5,2.0
430,0.4,0.0,0.0,0.0,0.4,0.0,0.0,0.25,4.0
431,1.0,0.0,0.0,0.0,0.0,0.0,0.0,1.0,1.0
432,1.0,1.0,0.0,0.0,1.0,1.0,0.0,1.0,3.0
433,0.5,0.0,0.33333333,0.0,0.25,0.0,0.00015012,0.33333333,1.0
434,0.46666667,0.4,0.0,0.0,0.66666667,0.66666667,0.0,0.2,7.0
435,1.0,0.0,0.0,0.0,0.0,0.0,0.0,1.0,1.0
436,0.25,0.0,0.26315789,0.125,0.25,0.0,0.0001252,0.14285714,1.4
437,0.66666667,0.6,0.11111111,0.0,0.75,0.75,5.004e-05,0.33333333,4.0
438,0.1969697,0.19354839,0.13333333,0.0,0.58333333,0.5,6.683e-05,0.09090909,3.25
439,0.66666667,0.0,0.0,0.0,0.33333333,0.0,0.0,0.5,2.0
440,0.66666667,0.0,0.0,0.0,0.33333333,0.0,0.0,0.5,2.0
441,1.0,1.0,0.0,0.0,1.0,1.0,0.0,1.0,3.0
442,1.0,0.0,0.5,0.5,0.0,0.0,0.00020008,1.0,0.5
443,1.0,0.0,0.33333333,0.0,0.0,0.0,0.00010004,1.0,1.0
444,0.66666667,0.0,0.0,0.0,0.33333333,0.0,0.0,0.5,2.0
445,0.6,0.54545455,0.0,0.0,0.8,0.8,0.0,0.25,6.0
446,1.0,0.0,0.0,0.0,0.0,0.0,0.0,1.0,1.0
447,1.0,0.0,0.0,0.0,0.0,0.0,0.0,1.0,1.0
448,0.4,0.0,0.55555556,0.2,0.4,0.0,0.0004004,0.25,0.4
449,1.0,0.0,0.0,0.0,0.0,0.0,0.0,1.0,1.0
450,1.0,0.0,0.0,0.0,0.0,0.0,0.0,1.0,1.0
451,1.0,0.0,0.0,0.0,0.0,0.0,0.0,1.0,1.0
452,0.5,0.0,0.25,0.25,0.5,0.0,0.00010008,0.33333333,1.5
453,0.66666667,0.0,0.2,0.0,0.33333333,0.0,6.671e-05,0.5,2.0
454,1.0,0.0,0.0,0.0,0.0,0.0,0.0,1.0,1.0
455,1.0,0.0,0.0,0.0,0.0,0.0,0.0,1.0,1.0
456,0.28571429,0.0,0.0,0.0,0.14285714,0.0,0.0,0.16666667,6.0
457,1.0,0.0,0.0,0.0,0.0,0.0,0.0,1.0,1.0
458,1.0,0.0,0.0,0.0,0.0,0.0,0.0,1.0,1.0
459,1.0,0.0,0.33333333,0.0,0.0,0.0,0.00010004,1.0,1.0
460,0.46666667,0.5,0.0,0.0,0.83333333,0.66666667,0.0,0.2,7.0
461,1.0,1.0,0.0,0.0,1.0,1.0,0.0,1.0,3.0
462,1.0,0.0,0.0,0.0,0.0,0.0,0.0,1.0,1.0
463,0.66666667,0.0,0.0,0.0,0.33333333,0.0,0.0,0.5,2.0
464,1.0,0.0,0.0,0.0,0.0,0.0,0.0,1.0,1.0
465,1.0,0.0,0.0,0.0,0.0,0.0,0.0,1.0,1.0
466,1.0,1.0,0.0,0.0,1.0,1.0,0.0,1.0,3.0
467,1.0,0.0,0.0,0.0,0.0,0.0,0.0,1.0,1.0
468,0.5,0.0,0.33333333,0.0,0.25,0.0,0.00015012,0.33333333,1.0
469,1.0,0.0,0.0,0.0,0.0,0.0,0.0,1.0,1.0
470,0.28571429,0.0,0.2,0.0,0.28571429,0.0,8.583e-05,0.16666667,2.0
471,1.0,0.0,1.0,1.0,0.0,0.0,0.00020004,1.0,0.0
472,0.22222222,0.0,0.05882353,0.0,0.22222222,0.0,2.226e-05,0.125,8.0
473,1.0,0.0,0.0,0.0,0.0,0.0,0.0,1.0,1.0
474,1.0,0.0,0.0,0.0,0.0,0.0,0.0,1.0,1.0
475,1.0,0.0,0.0,0.0,0.0,0.0,0.0,1.0,1.0
476,1.0,0.0,0.0,0.0,0.0,0.0,0.0,1.0,1.0
477,1.0,0.0,0.0,0.0,0.0,0.0,0.0,1.0,1.0
478,0.53333333,0.52941176,0.0,0.0,1.0,1.0,0.0,0.4,8.0
479,0.28571429,0.0,0.42857143,0.14285714,0.42857143,0.0,0.0002575,0.16666667,0.66666667
480,0.33333333,0.0,0.23076923,0.16666667,0.33333333,0.0,0.00010012,0.2,1.66666667
481,1.0,0.0,0.33333333,0.0,0.0,0.0,0.00010004,1.0,1.0
482,1.0,0.0,0.0,0.0,0.0,0.0,0.0,1.0,1.0
483,0.5,0.375,0.0,0.0,0.6,0.6,0.0,0.25,5.0
484,1.0,0.0,0.0,0.0,0.0,0.0,0.0,1.0,1.0
485,1.0,0.0,0.5,0.0,0.0,0.0,0.00020008,1.0,0.5
486,1.0,0.0,0.0,0.0,0.0,0.0,0.0,1.0,1.0
487,1.0,0.0,0.0,0.0,0.0,0.0,0.0,1.0,1.0
488,1.0,0.0,0.0,0.0,0.0,0.0,0.0,1.0,1.0
489,1.0,1.0,0.0,0.0,1.0,1.0,0.0,1.0,6.0
490,0.73333333,0.88235294,0.04347826,0.0,0.83333333,0.83333333,3.337e-05,0.2,11.0
491,1.0,0.0,0.0,0.0,0.0,0.0,0.0,1.0,1.0
492,1.0,0.0,0.0,0.0,0.0,0.0,0.0,1.0,1.0
493,0.66666667,0.0,0.0,0.0,0.33333333,0.0,0.0,0.5,2.0
494,1.0,0.0,0.0,0.0,0.0,0.0,0.0,1.0,1.0
495,1.0,0.0,0.33333333,0.0,0.0,0.0,0.00010004,1.0,1.0
496,1.0,0.0,0.0,0.0,0.0,0.0,0.0,1.0,1.0
497,1.0,0.0,0.0,0.0,0.0,0.0,0.0,1.0,1.0
498,1.0,1.0,0.0,0.0,1.0,1.0,0.0,1.0,3.0
499,1.0,0.0,0.0,0.0,0.0,0.0,0.0,1.0,1.0
500,0.83333333,0.75,0.0,0.0,1.0,1.0,0.0,0.66666667,5.0
501,1.0,0.0,0.0,0.0,0.0,0.0,0.0,1.0,1.0
502,0.5,0.0,0.0,0.0,0.25,0.0,0.0,0.33333333,3.0
503,1.0,0.0,0.0,0.0,0.0,0.0,0.0,1.0,1.0
504,1.0,1.0,0.0,0.0,1.0,1.0,0.0,1.0,3.0
505,1.0,0.0,0.0,0.0,0.0,0.0,0.0,1.0,1.0
506,0.5,0.0,0.25,0.0,0.25,0.0,0.00010008,0.33333333,1.5
507,0.5,0.375,0.0,0.0,0.6,0.6,0.0,0.25,5.0
508,1.0,0.0,0.0,0.0,0.0,0.0,0.0,1.0,1.0
509,0.66666667,0.0,0.2,0.0,0.33333333,0.0,6.671e-05,0.5,2.0
510,0.66666667,0.0,0.0,0.0,0.33333333,0.0,0.0,0.5,2.0
511,1.0,1.0,0.0,0.0,1.0,1.0,0.0,1.0,3.0
512,1.0,0.0,0.0,0.0,0.0,0.0,0.0,1.0,1.0
513,1.0,0.0,0.0,0.0,0.0,0.0,0.0,1.0,1.0
514,1.0,0.0,0.33333333,0.0,0.0,0.0,0.00010004,1.0,1.0
515,0.4,0.0,0.2,0.0,0.4,0.0,8.008e-05,0.25,2.0
516,0.28571429,0.0,0.0,0.0,0.28571429,0.0,0.0,0.16666667,6.0
517,0.5,0.0,0.0,0.0,0.25,0.0,0.0,0.33333333,3.0
518,1.0,0.0,0.0,0.0,0.0,0.0,0.0,1.0,1.0
519,1.0,0.0,1.0,1.0,0.0,0.0,0.00020004,1.0,0.0
520,0.83333333,0.75,0.0,0.0,1.0,1.0,0.0,0.66666667,5.0
521,0.66666667,0.0,0.33333333,0.33333333,0.33333333,0.0,0.00013341,0.5,1.0
522,1.0,0.0,0.0,0.0,0.0,0.0,0.0,1.0,1.0
523,1.0,0.0,0.33333333,0.0,0.0,0.0,0.00010004,1.0,1.0
524,1.0,0.0,0.0,0.0,0.0,0.0,0.0,1.0,1.0
525,1.0,0.0,0.0,0.0,0.0,0.0,0.0,1.0,1.0
526,1.0,0.0,0.0,0.0,0.0,0.0,0.0,1.0,1.0
527,1.0,0.0,1.0,1.0,0.0,0.0,0.00020004,1.0,0.0
528,0.5,0.375,0.0,0.0,0.6,0.6,0.0,0.25,5.0
529,0.66666667,0.6,0.11111111,0.0,0.75,0.75,5.004e-05,0.33333333,4.0
530,0.4,0.0,0.11111111,0.0,0.2,0.0,4.004e-05,0.25,4.0
531,0.33333333,0.0,0.0,0.0,0.16666667,0.0,0.0,0.2,5.0
532,1.0,0.0,0.0,0.0,0.0,0.0,0.0,1.0,1.0
533,1.0,0.0,0.0,0.0,0.0,0.0,0.0,1.0,1.0
534,0.66666667,0.0,0.5,0.0,0.33333333,0.0,0.00026683,0.5,0.5
535,1.0,0.0,0.0,0.0,0.0,0.0,0.0,1.0,1.0
536,1.0,1.0,0.0,0.0,1.0,1.0,0.0,1.0,3.0
537,1.0,0.0,0.0,0.0,0.0,0.0,0.0,1.0,1.0
538,0.66666667,0.0,0.0,0.0,0.33333333,0.0,0.0,0.5,2.0
539,0.66666667,0.0,0.5,0.33333333,0.33333333,0.0,0.00026683,0.5,0.5
540,1.0,0.0,0.0,0.0,0.0,0.0,0.0,1.0,1.0
541,1.0,0.0,0.6,0.5,0.0,0.0,0.00030012,1.0,0.33333333
542,1.0,0.0,1.0,1.0,0.0,0.0,0.00020004,1.0,0.0
543,0.5,0.0,0.5,0.25,0.25,0.0,0.00030024,0.33333333,0.5
544,0.22222222,0.40116279,0.05555556,0.0,0.83333333,0.83333333,4.461e-05,0.05882353,8.5
545,1.0,1.0,0.0,0.0,1.0,1.0,0.0,1.0,3.0
546,1.0,0.0,0.0,0.0,0.0,0.0,0.0,1.0,1.0
547,1.0,0.0,0.0,0.0,0.0,0.0,0.0,1.0,1.0
548,0.66666667,0.0,0.0,0.0,0.33333333,0.0,0.0,0.5,2.0
549,1.0,1.0,0.0,0.0,1.0,1.0,0.0,1.0,3.0
550,1.0,0.0,0.0,0.0,0.0,0.0,0.0,1.0,1.0
551,1.0,0.0,0.0,0.0,0.0,0.0,0.0,1.0,1.0
552,0.5,0.375,0.0,0.0,0.6,0.6,0.0,0.25,5.0
553,1.0,0.0,0.0,0.0,0.0,0.0,0.0,1.0,1.0
554,1.0,0.0,0.0,0.0,0.0,0.0,0.0,1.0,1.0
555,1.0,0.0,0.33333333,0.0,0.0,0.0,0.00010004,1.0,1.0
556,0.38095238,0.4,0.0,0.0,0.71428571,0.57142857,0.0,0.16666667,8.0
557,0.4,0.0,0.4,0.16666667,0.66666667,0.0,0.00026699,0.2,0.75
558,0.6,0.54545455,0.36842105,0.0,0.8,0.8,0.00028028,0.25,0.85714286
559,1.0,1.0,0.0,0.0,1.0,1.0,0.0,1.0,3.0
560,0.66666667,0.6,0.0,0.0,0.75,0.75,0.0,0.33333333,4.0
561,1.0,0.0,0.33333333,0.0,0.0,0.0,0.00010004,1.0,1.0
562,1.0,0.0,0.0,0.0,0.0,0.0,0.0,1.0,1.0
563,1.0,1.0,0.0,0.0,1.0,1.0,0.0,1.0,3.0
564,1.0,0.0,0.0,0.0,0.0,0.0,0.0,1.0,1.0
565,0.8,0.78947368,0.0,0.0,1.0,1.0,0.0,0.5,8.0
566,1.0,0.0,0.0,0.0,0.0,0.0,0.0,1.0,1.0
567,0.5,0.0,0.0,0.0,0.5,0.0,0.0,0.33333333,3.0
568,1.0,0.0,0.0,0.0,0.0,0.0,0.0,1.0,1.0
569,1.0,0.0,0.0,0.0,0.0,0.0,0.0,1.0,1.0
570,1.0,0.0,0.0,0.0,0.0,0.0,0.0,1.0,1.0
571,0.33333333,0.23076923,0.0,0.0,0.57142857,0.42857143,0.0,0.16666667,7.0
572,0.4,0.33333333,0.07692308,0.0,0.66666667,0.5,3.337e-05,0.2,6.0
573,1.0,0.0,0.0,0.0,0.0,0.0,0.0,1.0,1.0
574,1.0,0.0,1.0,1.0,0.0,0.0,0.00020004,1.0,0.0
575,0.66666667,0.0,0.0,0.0,0.33333333,0.0,0.0,0.5,2.0
576,0.83333333,0.75,0.0,0.0,1.0,1.0,0.0,0.66666667,5.0
577,1.0,0.0,0.0,0.0,0.0,0.0,0.0,1.0,1.0
578,1.0,1.0,0.0,0.0,1.0,1.0,0.0,1.0,3.0
579,1.0,0.0,0.0,0.0,0.0,0.0,0.0,1.0,1.0
580,0.66666667,0.0,0.0,0.0,0.33333333,0.0,0.0,0.5,2.0
581,1.0,0.0,0.0,0.0,0.0,0.0,0.0,1.0,1.0
582,0.4,0.0,0.0,0.0,0.2,0.0,0.0,0.25,4.0
583,1.0,0.0,0.0,0.0,0.0,0.0,0.0,1.0,1.0
584,1.0,0.0,0.0,0.0,0.0,0.0,0.0,1.0,1.0
585,0.33333333,0.23076923,0.17647059,0.14285714,0.57142857,0.42857143,8.583e-05,0.16666667,2.33333333
586,0.5,0.0,0.25,0.25,0.25,0.0,0.00010008,0.33333333,1.5
587,0.66666667,0.0,0.2,0.0,0.33333333,0.0,6.671e-05,0.5,2.0
588,0.33333333,0.0,0.0,0.0,0.33333333,0.0,0.0,0.2,5.0
589,1.0,0.0,0.0,0.0,0.0,0.0,0.0,1.0,1.0
590,1.0,0.0,0.0,0.0,0.0,0.0,0.0,1.0,1.0
591,0.5,0.0,0.4,0.25,0.25,0.0,0.00020016,0.33333333,0.75
592,1.0,0.0,0.6,0.5,0.0,0.0,0.00030012,1.0,0.33333333
593,1.0,0.0,1.0,1.0,0.0,0.0,0.00020004,1.0,0.0
594,0.32142857,0.23076923,0.0,0.0,0.5,0.5,0.0,0.14285714,9.0
595,0.46666667,0.4,0.125,0.0,0.66666667,0.66666667,6.675e-05,0.2,3.5
596,0.66666667,0.0,0.0,0.0,0.33333333,0.0,0.0,0.5,2.0
597,1.0,1.0,0.0,0.0,1.0,1.0,0.0,1.0,3.0
598,1.0,1.0,0.0,0.0,1.0,1.0,0.0,1.0,6.0
599,0.4,0.0,0.0,0.0,0.2,0.0,0.0,0.25,4.0
600,1.0,0.0,0.0,0.0,0.0,0.0,0.0,1.0,1.0
601,1.0,0.0,0.33333333,0.0,0.0,0.0,0.00010004,1.0,1.0
602,0.66666667,0.0,0.0,0.0,0.33333333,0.0,0.0,0.5,2.0
603,1.0,0.0,0.0,0.0,0.0,0.0,0.0,1.0,1.0
604,1.0,0.0,0.0,0.0,0.0,0.0,0.0,1.0,1.0
605,1.0,0.0,0.0,0.0,0.0,0.0,0.0,1.0,1.0
606,1.0,0.0,0.0,0.0,0.0,0.0,0.0,1.0,1.0
607,1.0,0.0,0.0,0.0,0.0,0.0,0.0,1.0,1.0
608,1.0,0.0,0.0,0.0,0.0,0.0,0.0,1.0,1.0
609,1.0,0.0,0.33333333,0.0,0.0,0.0,0.00010004,1.0,1.0
610,0.66666667,0.0,0.33333333,0.0,0.33333333,0.0,0.00013341,0.5,1.0
611,1.0,0.0,0.5,0.0,0.0,0.0,0.00020008,1.0,0.5
612,0.6,0.6,0.0,0.0,1.0,1.0,0.0,0.5,6.0
613,1.0,1.0,0.0,0.0,1.0,1.0,0.0,1.0,3.0
614,1.0,0.0,0.0,0.0,0.0,0.0,0.0,1.0,1.0
615,1.0,0.0,0.0,0.0,0.0,0.0,0.0,1.0,1.0
616,1.0,0.0,0.0,0.0,0.0,0.0,0.0,1.0,1.0
617,0.66666667,0.0,0.0,0.0,0.33333333,0.0,0.0,0.5,2.0
618,0.66666667,0.0,0.2,0.0,0.33333333,0.0,6.671e-05,0.5,2.0
619,0.5,0.0,0.33333333,0.25,0.25,0.0,0.00015012,0.33333333,1.0
620,1.0,0.0,0.0,0.0,0.0,0.0,0.0,1.0,1.0
621,1.0,0.0,0.0,0.0,0.0,0.0,0.0,1.0,1.0
622,1.0,0.0,0.0,0.0,0.0,0.0,0.0,1.0,1.0
623,0.5,0.0,0.25,0.0,0.5,0.0,0.00010008,0.33333333,1.5
624,0.66666667,0.6,0.11111111,0.0,0.75,0.75,5.004e-05,0.33333333,4.0
625,1.0,0.0,0.0,0.0,0.0,0.0,0.0,1.0,1.0
626,1.0,0.0,0.0,0.0,0.0,0.0,0.0,1.0,1.0
627,1.0,1.0,0.0,0.0,1.0,1.0,0.0,1.0,3.0
628,1.0,1.0,0.0,0.0,1.0,1.0,0.0,1.0,3.0
629,0.4,0.44776119,0.02702703,0.0,0.9,0.8,2.004e-05,0.11111111,18.0
630,1.0,0.0,0.0,0.0,0.0,0.0,0.0,1.0,1.0
631,1.0,0.0,0.0,0.0,0.0,0.0,0.0,1.0,1.0
632,1.0,0.0,0.0,0.0,0.0,0.0,0.0,1.0,1.0
633,1.0,0.0,0.0,0.0,0.0,0.0,0.0,1.0,1.0
634,1.0,0.0,0.0,0.0,0.0,0.0,0.0,1.0,1.0
635,1.0,1.0,0.0,0.0,1.0,1.0,0.0,1.0,3.0
636,1.0,0.0,0.0,0.0,0.0,0.0,0.0,1.0,1.0
637,0.66666667,0.0,0.2,0.0,0.33333333,0.0,6.671e-05,0.5,2.0
638,0.5,0.0,0.14285714,0.0,0.25,0.0,5.004e-05,0.33333333,3.0
639,0.33333333,0.0,0.0,0.0,0.33333333,0.0,0.0,0.2,5.0
640,1.0,0.0,0.0,0.0,0.0,0.0,0.0,1.0,1.0
641,0.22222222,0.0,0.11111111,0.0,0.22222222,0.0,4.452e-05,0.125,4.0
642,1.0,0.0,0.0,0.0,0.0,0.0,0.0,1.0,1.0
643,1.0,0.0,0.0,0.0,0.0,0.0,0.0,1.0,1.0
644,0.66666667,0.6,0.11111111,0.0,0.75,0.75,5.004e-05,0.33333333,4.0
645,0.66666667,0.0,0.0,0.0,0.33333333,0.0,0.0,0.5,2.0
646,1.0,0.0,0.0,0.0,0.0,0.0,0.0,1.0,1.0
647,1.0,0.0,0.0,0.0,0.0,0.0,0.0,1.0,1.0
648,1.0,0.0,0.0,0.0,0.0,0.0,0.0,1.0,1.0
649,1.0,0.0,0.0,0.0,0.0,0.0,0.0,1.0,1.0
650,1.0,0.0,0.0,0.0,0.0,0.0,0.0,1.0,1.0
651,1.0,0.0,0.0,0.0,0.0,0.0,0.0,1.0,1.0
652,1.0,0.0,0.0,0.0,0.0,0.0,0.0,1.0,1.0
653,0.66666667,0.0,0.0,0.0,0.33333333,0.0,0.0,0.5,2.0
654,1.0,0.0,0.0,0.0,0.0,0.0,0.0,1.0,1.0
655,0.66666667,0.0,0.42857143,0.0,0.33333333,0.0,0.00020012,0.5,0.66666667
656,0.46666667,0.4,0.0,0.0,0.66666667,0.66666667,0.0,0.2,7.0
657,1.0,0.0,0.0,0.0,0.0,0.0,0.0,1.0,1.0
658,1.0,0.0,0.0,0.0,0.0,0.0,0.0,1.0,1.0
659,1.0,0.0,0.0,0.0,0.0,0.0,0.0,1.0,1.0
660,0.4,0.0,0.0,0.0,0.2,0.0,0.0,0.25,4.0
661,1.0,0.0,0.0,0.0,0.0,0.0,0.0,1.0,1.0
662,1.0,0.0,0.0,0.0,0.0,0.0,0.0,1.0,1.0
663,1.0,1.0,0.14285714,0.0,1.0,1.0,6.671e-05,1.0,3.0
664,0.15384615,0.0,0.17241379,0.0,0.23076923,0.0,7.712e-05,0.08333333,2.4
665,0.4,0.0,0.0,0.0,0.2,0.0,0.0,0.25,4.0
666,0.28571429,0.0,0.0,0.0,0.14285714,0.0,0.0,0.16666667,6.0
667,0.66666667,0.0,0.0,0.0,0.33333333,0.0,0.0,0.5,2.0
668,0.66666667,0.6,0.2,0.0,0.75,0.75,0.00010008,0.33333333,2.0
669,1.0,0.0,0.0,0.0,0.0,0.0,0.0,1.0,1.0
670,1.0,0.0,1.0,1.0,0.0,0.0,0.00020004,1.0,0.0
671,0.66666667,0.0,0.5,0.33333333,0.33333333,0.0,0.00026683,0.5,0.5
672,0.28571429,0.15789474,0.11111111,0.0,0.375,0.375,5.008e-05,0.14285714,4.0
673,1.0,0.0,1.0,1.0,0.0,0.0,0.00020004,1.0,0.0
674,0.66666667,0.0,0.0,0.0,0.33333333,0.0,0.0,0.5,2.0
675,1.0,0.0,0.0,0.0,0.0,0.0,0.0,1.0,1.0
676,0.42857143,0.33333333,0.18181818,0.0,0.85714286,0.57142857,0.00011445,0.16666667,2.25
677,1.0,0.0,1.0,1.0,0.0,0.0,0.00020004,1.0,0.0
678,0.66666667,0.0,0.0,0.0,0.33333333,0.0,0.0,0.5,2.0
679,0.5,0.0,0.0,0.0,0.5,0.0,0.0,0.33333333,3.0
680,0.66666667,0.0,0.2,0.0,0.33333333,0.0,6.671e-05,0.5,2.0
681,1.0,0.0,0.0,0.0,0.0,0.0,0.0,1.0,1.0
682,1.0,0.0,0.0,0.0,0.0,0.0,0.0,1.0,1.0
683,1.0,0.0,0.0,0.0,0.0,0.0,0.0,1.0,1.0
684,1.0,0.0,0.66666667,0.5,0.0,0.0,0.00040016,1.0,0.25
685,0.33333333,0.0,0.33333333,0.0,0.33333333,0.0,0.00016687,0.2,1.0
686,0.28571429,0.15789474,0.15789474,0.0,0.375,0.375,7.512e-05,0.14285714,2.66666667
687,0.66666667,0.0,0.0,0.0,0.33333333,0.0,0.0,0.5,2.0
688,0.53333333,0.47368421,0.05882353,0.0,0.83333333,0.83333333,3.337e-05,0.2,8.0
689,1.0,0.0,1.0,1.0,0.0,0.0,0.00020004,1.0,0.0
690,0.7,0.8,0.0,0.0,0.8,0.8,0.0,0.25,7.0
691,0.5,0.0,0.14285714,0.0,0.25,0.0,5.004e-05,0.33333333,3.0
692,0.4,0.0,0.11111111,0.0,0.2,0.0,4.004e-05,0.25,4.0
693,0.33333333,0.0,0.0,0.0,0.5,0.0,0.0,0.2,5.0
694,0.5,0.0,0.0,0.0,0.25,0.0,0.0,0.33333333,3.0
695,1.0,0.0,0.0,0.0,0.0,0.0,0.0,1.0,1.0
696,1.0,0.0,0.0,0.0,0.0,0.0,0.0,1.0,1.0
697,1.0,0.0,0.0,0.0,0.0,0.0,0.0,1.0,1.0
698,0.33333333,0.0,0.0,0.0,0.16666667,0.0,0.0,0.2,5.0
699,1.0,1.0,0.0,0.0,1.0,1.0,0.0,1.0,3.0
700,0.6,0.54545455,0.29411765,0.0,0.8,0.8,0.0002002,0.25,1.2
701,0.4,0.0,0.0,0.0,0.4,0.0,0.0,0.25,4.0
702,1.0,0.0,0.0,0.0,0.0,0.0,0.0,1.0,1.0
703,1.0,0.0,0.0,0.0,0.0,0.0,0.0,1.0,1.0
704,0.4,0.0,0.0,0.0,0.2,0.0,0.0,0.25,4.0
705,1.0,0.0,0.0,0.0,0.0,0.0,0.0,1.0,1.0
706,1.0,0.0,0.0,0.0,0.0,0.0,0.0,1.0,1.0
707,1.0,0.0,0.0,0.0,0.0,0.0,0.0,1.0,1.0
708,1.0,0.0,0.0,0.0,0.0,0.0,0.0,1.0,1.0
709,1.0,0.0,0.0,0.0,0.0,0.0,0.0,1.0,1.0
710,1.0,0.0,1.0,1.0,0.0,0.0,0.00020004,1.0,0.0
711,0.4,0.0,0.76470588,0.8,0.4,0.0,0.00104104,0.25,0.15384615
712,0.05226481,0.01442308,0.57943925,0.23809524,0.14285714,0.14285714,0.00059548,0.02439024,0.36290323
713,0.03638498,0.03220859,0.43975904,0.26388889,0.23611111,0.23611111,0.00041148,0.01408451,0.6369863
714,1.0,0.0,0.5,0.0,0.0,0.0,0.00020008,1.0,0.5
715,0.5,0.375,0.0,0.0,0.6,0.6,0.0,0.25,5.0
716,0.66666667,0.0,0.0,0.0,0.33333333,0.0,0.0,0.5,2.0
717,1.0,0.0,0.0,0.0,0.0,0.0,0.0,1.0,1.0
718,1.0,0.0,0.0,0.0,0.0,0.0,0.0,1.0,1.0
719,0.5,0.0,0.0,0.0,0.25,0.0,0.0,0.33333333,3.0
720,1.0,0.0,0.0,0.0,0.0,0.0,0.0,1.0,1.0
721,0.5,0.0,0.0,0.0,0.5,0.0,0.0,0.33333333,3.0
722,1.0,1.0,0.0,0.0,1.0,1.0,0.0,1.0,3.0
723,1.0,0.0,0.0,0.0,0.0,0.0,0.0,1.0,1.0
724,1.0,0.0,0.0,0.0,0.0,0.0,0.0,1.0,1.0
725,0.66666667,0.0,0.2,0.0,0.33333333,0.0,6.671e-05,0.5,2.0
726,1.0,0.0,0.0,0.0,0.0,0.0,0.0,1.0,1.0
727,0.66666667,0.0,0.0,0.0,0.33333333,0.0,0.0,0.5,2.0
728,0.5,0.0,0.0,0.0,0.5,0.0,0.0,0.33333333,3.0
729,1.0,0.0,0.0,0.0,0.0,0.0,0.0,1.0,1.0
730,1.0,0.0,0.0,0.0,0.0,0.0,0.0,1.0,1.0
731,1.0,0.0,0.0,0.0,0.0,0.0,0.0,1.0,1.0
732,1.0,0.0,0.0,0.0,0.0,0.0,0.0,1.0,1.0
733,1.0,0.0,0.0,0.0,0.0,0.0,0.0,1.0,1.0
734,0.53846154,0.72099448,0.01010101,0.0,0.92857143,0.92857143,1.433e-05,0.07692308,49.0
735,1.0,0.0,0.0,0.0,0.0,0.0,0.0,1.0,1.0
736,0.7,0.6,0.0,0.0,1.0,1.0,0.0,0.5,7.0
737,0.5,0.0,0.4,0.0,0.25,0.0,0.00020016,0.33333333,0.75
738,0.66666667,0.6,0.0,0.0,0.75,0.75,0.0,0.33333333,4.0
739,1.0,0.0,1.0,1.0,0.0,0.0,0.00020004,1.0,0.0
740,1.0,0.0,0.0,0.0,0.0,0.0,0.0,1.0,1.0
741,1.0,0.0,0.0,0.0,0.0,0.0,0.0,1.0,1.0
742,0.66666667,0.6,0.11111111,0.0,0.75,0.75,5.004e-05,0.33333333,4.0
743,0.66666667,0.0,0.0,0.0,0.33333333,0.0,0.0,0.5,2.0
744,1.0,0.0,0.0,0.0,0.0,0.0,0.0,1.0,1.0
745,0.5,0.0,0.0,0.0,0.5,0.0,0.0,0.33333333,3.0
746,1.0,0.0,0.0,0.0,0.0,0.0,0.0,1.0,1.0
747,1.0,0.0,0.0,0.0,0.0,0.0,0.0,1.0,1.0
748,1.0,0.0,0.0,0.0,0.0,0.0,0.0,1.0,1.0
749,1.0,0.0,0.0,0.0,0.0,0.0,0.0,1.0,1.0
750,1.0,0.0,0.0,0.0,0.0,0.0,0.0,1.0,1.0
751,1.0,1.0,0.0,0.0,1.0,1.0,0.0,1.0,3.0
752,0.66666667,0.0,0.42857143,0.33333333,0.33333333,0.0,0.00020012,0.5,0.66666667
753,0.4,0.0,0.11111111,0.0,0.2,0.0,4.004e-05,0.25,4.0
754,0.66666667,0.6,0.0,0.0,0.75,0.75,0.0,0.33333333,4.0
755,0.5,0.0,0.25,0.0,0.25,0.0,0.00010008,0.33333333,1.5
756,1.0,0.0,0.0,0.0,0.0,0.0,0.0,1.0,1.0
757,0.66666667,0.0,0.0,0.0,0.33333333,0.0,0.0,0.5,2.0
758,1.0,0.0,0.5,0.5,0.0,0.0,0.00020008,1.0,0.5
759,1.0,0.0,0.0,0.0,0.0,0.0,0.0,1.0,1.0
760,1.0,0.0,0.0,0.0,0.0,0.0,0.0,1.0,1.0
761,1.0,0.0,0.33333333,0.0,0.0,0.0,0.00010004,1.0,1.0
762,1.0,0.0,0.0,0.0,0.0,0.0,0.0,1.0,1.0
763,1.0,0.0,0.0,0.0,0.0,0.0,0.0,1.0,1.0
764,1.0,0.0,0.0,0.0,0.0,0.0,0.0,1.0,1.0
765,0.66666667,0.0,0.0,0.0,0.33333333,0.0,0.0,0.5,2.0
766,1.0,0.0,0.0,0.0,0.0,0.0,0.0,1.0,1.0
767,1.0,0.0,0.0,0.0,0.0,0.0,0.0,1.0,1.0
768,0.66666667,0.0,0.0,0.0,0.33333333,0.0,0.0,0.5,2.0
769,1.0,0.0,0.0,0.0,0.0,0.0,0.0,1.0,1.0
770,0.33333333,0.0,0.28571429,0.0,0.16666667,0.0,0.00013349,0.2,1.25
771,1.0,0.0,0.0,0.0,0.0,0.0,0.0,1.0,1.0
772,0.66666667,0.0,0.0,0.0,0.33333333,0.0,0.0,0.5,2.0
773,0.66666667,0.0,0.0,0.0,0.33333333,0.0,0.0,0.5,2.0
774,0.4,0.33333333,0.52,0.33333333,0.66666667,0.5,0.00043385,0.2,0.46153846
775,1.0,0.0,0.0,0.0,0.0,0.0,0.0,1.0,1.0
776,1.0,0.0,0.0,0.0,0.0,0.0,0.0,1.0,1.0
777,0.66666667,0.0,0.0,0.0,0.33333333,0.0,0.0,0.5,2.0
778,0.66666667,0.6,0.11111111,0.0,0.75,0.75,5.004e-05,0.33333333,4.0
779,0.66666667,0.0,0.0,0.0,0.33333333,0.0,0.0,0.5,2.0
780,1.0,0.0,0.0,0.0,0.0,0.0,0.0,1.0,1.0
781,1.0,1.0,0.0,0.0,1.0,1.0,0.0,1.0,6.0
782,0.66666667,0.0,0.0,0.0,0.33333333,0.0,0.0,0.5,2.0
783,1.0,0.0,0.0,0.0,0.0,0.0,0.0,1.0,1.0
784,1.0,1.0,0.0,0.0,1.0,1.0,0.0,1.0,3.0
785,0.83333333,0.75,0.0,0.0,1.0,1.0,0.0,0.66666667,5.0
786,1.0,0.0,0.0,0.0,0.0,0.0,0.0,1.0,1.0
787,0.66666667,0.6,0.38461538,0.0,0.75,0.75,0.0002502,0.33333333,0.8
788,0.5,0.46153846,0.0,0.0,1.0,1.0,0.0,0.28571429,14.0
789,1.0,1.0,0.0,0.0,1.0,1.0,0.0,1.0,3.0
790,1.0,0.0,0.0,0.0,0.0,0.0,0.0,1.0,1.0
791,1.0,0.0,0.0,0.0,0.0,0.0,0.0,1.0,1.0
792,1.0,0.0,0.0,0.0,0.0,0.0,0.0,1.0,1.0
793,1.0,0.0,0.33333333,0.0,0.0,0.0,0.00010004,1.0,1.0
794,0.66666667,0.0,0.0,0.0,0.33333333,0.0,0.0,0.5,2.0
795,1.0,0.0,0.33333333,0.0,0.0,0.0,0.00010004,1.0,1.0
796,0.66666667,0.0,0.0,0.0,0.33333333,0.0,0.0,0.5,2.0
797,0.5,0.0,0.4,0.0,0.5,0.0,0.00020016,0.33333333,0.75
798,0.46666667,0.46153846,0.17647059,0.0,0.66666667,0.66666667,0.00010012,0.2,2.33333333
799,0.4,0.0,0.11111111,0.0,0.2,0.0,4.004e-05,0.25,4.0
800,0.66666667,0.0,0.0,0.0,0.33333333,0.0,0.0,0.5,2.0
801,1.0,0.0,0.0,0.0,0.0,0.0,0.0,1.0,1.0
802,1.0,0.0,1.0,1.0,0.0,0.0,0.00020004,1.0,0.0
803,0.33333333,0.0,0.09090909,0.0,0.16666667,0.0,3.337e-05,0.2,5.0
804,1.0,1.0,0.0,0.0,1.0,1.0,0.0,1.0,3.0
805,1.0,0.0,0.33333333,0.0,0.0,0.0,0.00010004,1.0,1.0
806,1.0,1.0,0.0,0.0,1.0,1.0,0.0,1.0,3.0
807,0.66666667,0.0,0.5,0.33333333,0.33333333,0.0,0.00026683,0.5,0.5
808,0.32142857,0.23076923,0.1,0.0,0.875,0.375,5.008e-05,0.14285714,4.5
809,0.66666667,0.0,0.0,0.0,0.33333333,0.0,0.0,0.5,2.0
810,0.5,0.0,0.0,0.0,0.25,0.0,0.0,0.33333333,3.0
811,0.4,0.0,0.0,0.0,0.2,0.0,0.0,0.25,4.0
812,0.4,0.3,0.07692308,0.0,0.5,0.5,3.337e-05,0.2,6.0
813,0.5,0.375,0.09090909,0.0,0.6,0.6,4.004e-05,0.25,5.0
814,0.66666667,0.0,0.0,0.0,0.33333333,0.0,0.0,0.5,2.0
815,1.0,0.0,0.0,0.0,0.0,0.0,0.0,1.0,1.0
816,1.0,0.0,0.0,0.0,0.0,0.0,0.0,1.0,1.0
817,1.0,0.0,0.0,0.0,0.0,0.0,0.0,1.0,1.0
818,1.0,0.0,0.0,0.0,0.0,0.0,0.0,1.0,1.0
819,0.66666667,0.0,0.33333333,0.0,0.33333333,0.0,0.00013341,0.5,1.0
820,1.0,0.0,0.0,0.0,0.0,0.0,0.0,1.0,1.0
821,1.0,0.0,0.0,0.0,0.0,0.0,0.0,1.0,1.0
822,1.0,0.0,0.0,0.0,0.0,0.0,0.0,1.0,1.0
823,0.5,0.0,0.25,0.0,0.25,0.0,0.00010008,0.33333333,1.5
824,0.16666667,0.05769231,0.0,0.0,0.23076923,0.23076923,0.0,0.08333333,13.0
825,1.0,0.0,0.0,0.0,0.0,0.0,0.0,1.0,1.0
826,0.66666667,0.0,0.0,0.0,0.33333333,0.0,0.0,0.5,2.0
827,1.0,0.0,0.0,0.0,0.0,0.0,0.0,1.0,1.0
828,1.0,0.0,0.0,0.0,0.0,0.0,0.0,1.0,1.0
829,0.66666667,0.0,0.0,0.0,0.33333333,0.0,0.0,0.5,2.0
830,1.0,0.0,0.0,0.0,0.0,0.0,0.0,1.0,1.0
831,1.0,0.0,0.0,0.0,0.0,0.0,0.0,1.0,1.0
832,1.0,0.0,0.0,0.0,0.0,0.0,0.0,1.0,1.0
833,0.46666667,0.42857143,0.0,0.0,0.83333333,0.83333333,0.0,0.2,7.0
834,0.33333333,0.0,0.09090909,0.0,0.33333333,0.0,3.337e-05,0.2,5.0
835,0.4,0.0,0.2,0.0,0.2,0.0,8.008e-05,0.25,2.0
836,0.83333333,0.75,0.0,0.0,1.0,1.0,0.0,0.66666667,5.0
837,0.7,0.6,0.0,0.0,1.0,1.0,0.0,0.5,7.0
838,0.85714286,0.84615385,0.0,0.0,1.0,1.0,0.0,0.66666667,18.0
839,1.0,0.0,0.0,0.0,0.0,0.0,0.0,1.0,1.0
840,0.66666667,0.0,0.0,0.0,0.33333333,0.0,0.0,0.5,2.0
841,1.0,0.0,0.0,0.0,0.0,0.0,0.0,1.0,1.0
842,1.0,0.0,0.0,0.0,0.0,0.0,0.0,1.0,1.0
843,1.0,0.0,0.0,0.0,0.0,0.0,0.0,1.0,1.0
844,0.66666667,0.0,0.0,0.0,0.33333333,0.0,0.0,0.5,2.0
845,0.66666667,0.0,0.0,0.0,0.33333333,0.0,0.0,0.5,2.0
846,0.66666667,0.66,0.15151515,0.0,1.0,1.0,0.00014306,0.33333333,2.8
847,0.67857143,0.66666667,0.0,0.0,1.0,1.0,0.0,0.28571429,19.0
848,1.0,0.0,1.0,1.0,0.0,0.0,0.00020004,1.0,0.0
849,0.66666667,0.0,0.42857143,0.33333333,0.33333333,0.0,0.00020012,0.5,0.66666667
850,0.33333333,0.0,0.0,0.0,0.16666667,0.0,0.0,0.2,5.0
851,1.0,0.0,0.0,0.0,0.0,0.0,0.0,1.0,1.0
852,1.0,0.0,0.66666667,0.5,0.0,0.0,0.00040016,1.0,0.25
853,0.4,0.0,0.11111111,0.0,0.2,0.0,4.004e-05,0.25,4.0
854,0.66666667,0.6,0.0,0.0,0.75,0.75,0.0,0.33333333,4.0
855,1.0,0.0,0.0,0.0,0.0,0.0,0.0,1.0,1.0
856,1.0,0.0,0.0,0.0,0.0,0.0,0.0,1.0,1.0
857,1.0,0.0,0.0,0.0,0.0,0.0,0.0,1.0,1.0
858,0.66666667,0.0,0.0,0.0,0.33333333,0.0,0.0,0.5,2.0
859,1.0,0.0,0.0,0.0,0.0,0.0,0.0,1.0,1.0
860,1.0,0.0,0.0,0.0,0.0,0.0,0.0,1.0,1.0
861,1.0,0.0,0.33333333,0.0,0.0,0.0,0.00010004,1.0,1.0
862,0.33333333,0.0,0.375,0.33333333,0.5,0.0,0.00020024,0.2,0.83333333
863,0.15238095,0.13043478,0.23809524,0.06666667,0.4,0.26666667,0.00013373,0.07142857,1.6
864,0.66666667,0.0,0.0,0.0,0.33333333,0.0,0.0,0.5,2.0
865,1.0,0.0,0.33333333,0.0,0.0,0.0,0.00010004,1.0,1.0
866,0.66666667,0.0,0.0,0.0,0.33333333,0.0,0.0,0.5,2.0
867,1.0,0.0,0.0,0.0,0.0,0.0,0.0,1.0,1.0
868,1.0,0.0,0.0,0.0,0.0,0.0,0.0,1.0,1.0
869,0.5,0.0,0.14285714,0.0,0.25,0.0,5.004e-05,0.33333333,3.0
870,1.0,0.0,0.0,0.0,0.0,0.0,0.0,1.0,1.0
871,0.33333333,0.0,0.0,0.0,0.16666667,0.0,0.0,0.2,5.0
872,1.0,0.0,0.0,0.0,0.0,0.0,0.0,1.0,1.0
873,1.0,0.0,0.0,0.0,0.0,0.0,0.0,1.0,1.0
874,1.0,1.0,0.0,0.0,1.0,1.0,0.0,1.0,3.0
875,0.33333333,0.36585366,0.29411765,0.11111111,0.55555556,0.55555556,0.00022262,0.125,1.2
876,0.45454545,0.54761905,0.13793103,0.0,0.90909091,0.90909091,0.00014578,0.1,3.125
877,0.83333333,0.75,0.0,0.0,1.0,1.0,0.0,0.66666667,5.0
878,1.0,0.0,0.33333333,0.0,0.0,0.0,0.00010004,1.0,1.0
879,1.0,0.0,0.33333333,0.0,0.0,0.0,0.00010004,1.0,1.0
880,0.66666667,0.0,0.5,0.33333333,0.33333333,0.0,0.00026683,0.5,0.5
881,1.0,0.0,0.5,0.5,0.0,0.0,0.00020008,1.0,0.5
882,0.4,0.0,0.27272727,0.0,0.4,0.0,0.00012012,0.25,1.33333333
883,0.13157895,0.15254237,0.32432432,0.05,0.5,0.45,0.00024096,0.05263158,1.04166667
884,0.66666667,0.0,0.33333333,0.0,0.33333333,0.0,0.00013341,0.5,1.0
885,0.5,0.375,0.33333333,0.0,0.6,0.6,0.0002002,0.25,1.0
886,0.39285714,0.38709677,0.12,0.0,0.875,0.875,7.512e-05,0.14285714,3.66666667
887,0.7,0.64285714,0.3,0.0,1.0,1.0,0.00024024,0.5,1.16666667
888,0.5,0.375,0.33333333,0.0,0.6,0.6,0.0002002,0.25,1.0
889,0.66666667,0.0,0.2,0.0,0.33333333,0.0,6.671e-05,0.5,2.0
890,0.66666667,0.0,0.2,0.0,0.33333333,0.0,6.671e-05,0.5,2.0
891,0.5,0.0,0.14285714,0.0,0.25,0.0,5.004e-05,0.33333333,3.0
892,1.0,0.0,0.0,0.0,0.0,0.0,0.0,1.0,1.0
893,1.0,0.0,0.0,0.0,0.0,0.0,0.0,1.0,1.0
894,1.0,0.0,0.0,0.0,0.0,0.0,0.0,1.0,1.0
895,1.0,0.0,0.0,0.0,0.0,0.0,0.0,1.0,1.0
896,1.0,0.0,0.0,0.0,0.0,0.0,0.0,1.0,1.0
897,1.0,0.0,0.0,0.0,0.0,0.0,0.0,1.0,1.0
898,0.66666667,0.6,0.0,0.0,0.75,0.75,0.0,0.33333333,4.0
899,1.0,0.0,0.0,0.0,0.0,0.0,0.0,1.0,1.0
900,1.0,0.0,0.0,0.0,0.0,0.0,0.0,1.0,1.0
901,0.18181818,0.0,0.0,0.0,0.09090909,0.0,0.0,0.1,10.0
902,0.22222222,0.0,0.11111111,0.0,0.11111111,0.0,4.452e-05,0.125,4.0
903,0.66666667,0.0,0.2,0.0,0.33333333,0.0,6.671e-05,0.5,2.0
904,0.66666667,0.0,0.0,0.0,0.33333333,0.0,0.0,0.5,2.0
905,0.66666667,0.6,0.0,0.0,0.75,0.75,0.0,0.33333333,4.0
906,1.0,0.0,0.33333333,0.0,0.0,0.0,0.00010004,1.0,1.0
907,0.66666667,0.0,0.0,0.0,0.33333333,0.0,0.0,0.5,2.0
908,1.0,0.0,0.0,0.0,0.0,0.0,0.0,1.0,1.0
909,1.0,0.0,0.0,0.0,0.0,0.0,0.0,1.0,1.0
910,1.0,0.0,0.0,0.0,0.0,0.0,0.0,1.0,1.0
911,1.0,0.0,0.0,0.0,0.0,0.0,0.0,1.0,1.0
912,1.0,0.0,0.6,0.5,0.0,0.0,0.00030012,1.0,0.33333333
913,0.66666667,0.0,0.2,0.0,0.33333333,0.0,6.671e-05,0.5,2.0
914,1.0,1.0,0.0,0.0,1.0,1.0,0.0,1.0,3.0
915,1.0,0.0,0.0,0.0,0.0,0.0,0.0,1.0,1.0
916,1.0,0.0,0.33333333,0.0,0.0,0.0,0.00010004,1.0,1.0
917,0.66666667,0.0,0.0,0.0,0.33333333,0.0,0.0,0.5,2.0
918,0.66666667,0.0,0.0,0.0,0.33333333,0.0,0.0,0.5,2.0
919,1.0,0.0,0.33333333,0.0,0.0,0.0,0.00010004,1.0,1.0
920,0.25,0.0,0.17647059,0.0,0.25,0.0,7.512e-05,0.14285714,2.33333333
921,0.66666667,0.0,0.0,0.0,0.33333333,0.0,0.0,0.5,2.0
922,0.66666667,0.0,0.2,0.0,0.33333333,0.0,6.671e-05,0.5,2.0
923,1.0,0.0,0.33333333,0.0,0.0,0.0,0.00010004,1.0,1.0
924,1.0,0.0,0.0,0.0,0.0,0.0,0.0,1.0,1.0
925,0.66666667,0.0,0.0,0.0,0.33333333,0.0,0.0,0.5,2.0
926,1.0,0.0,0.0,0.0,0.0,0.0,0.0,1.0,1.0
927,1.0,0.0,0.0,0.0,0.0,0.0,0.0,1.0,1.0
928,1.0,0.0,0.0,0.0,0.0,0.0,0.0,1.0,1.0
929,1.0,0.0,0.0,0.0,0.0,0.0,0.0,1.0,1.0
930,0.33333333,0.0,0.0,0.0,0.33333333,0.0,0.0,0.2,5.0
931,1.0,0.0,0.0,0.0,0.0,0.0,0.0,1.0,1.0
932,0.5,0.375,0.09090909,0.0,0.6,0.6,4.004e-05,0.25,5.0
933,0.5,0.0,0.25,0.0,0.5,0.0,0.00010008,0.33333333,1.5
934,1.0,0.0,0.0,0.0,0.0,0.0,0.0,1.0,1.0
935,1.0,1.0,0.0,0.0,1.0,1.0,0.0,1.0,3.0
936,1.0,1.0,0.0,0.0,1.0,1.0,0.0,1.0,3.0
937,0.5,0.0,0.4,0.25,0.25,0.0,0.00020016,0.33333333,0.75
938,1.0,0.0,0.0,0.0,0.0,0.0,0.0,1.0,1.0
939,1.0,0.0,0.0,0.0,0.0,0.0,0.0,1.0,1.0
940,1.0,0.0,0.0,0.0,0.0,0.0,0.0,1.0,1.0
941,0.66666667,0.0,0.0,0.0,0.33333333,0.0,0.0,0.5,2.0
942,0.4,0.0,0.0,0.0,0.4,0.0,0.0,0.25,4.0
943,1.0,0.0,0.0,0.0,0.0,0.0,0.0,1.0,1.0
944,1.0,0.0,0.0,0.0,0.0,0.0,0.0,1.0,1.0
945,0.4,0.0,0.11111111,0.0,0.4,0.0,4.004e-05,0.25,4.0
946,1.0,0.0,0.0,0.0,0.0,0.0,0.0,1.0,1.0
947,0.93333333,0.92307692,0.0,0.0,1.0,1.0,0.0,0.8,14.0
948,0.66666667,0.6,0.0,0.0,0.75,0.75,0.0,0.33333333,4.0
949,1.0,0.0,0.0,0.0,0.0,0.0,0.0,1.0,1.0
950,0.5,0.0,0.0,0.0,0.5,0.0,0.0,0.33333333,3.0
951,1.0,0.0,0.33333333,0.0,0.0,0.0,0.00010004,1.0,1.0
952,1.0,0.0,0.0,0.0,0.0,0.0,0.0,1.0,1.0
953,1.0,0.0,0.0,0.0,0.0,0.0,0.0,1.0,1.0
954,0.33333333,0.0,0.0,0.0,0.16666667,0.0,0.0,0.2,5.0
955,1.0,0.0,0.0,0.0,0.0,0.0,0.0,1.0,1.0
956,0.66666667,0.0,0.0,0.0,0.33333333,0.0,0.0,0.5,2.0
957,1.0,0.0,0.0,0.0,0.0,0.0,0.0,1.0,1.0
958,1.0,0.0,0.0,0.0,0.0,0.0,0.0,1.0,1.0
959,0.5,0.0,0.0,0.0,0.25,0.0,0.0,0.33333333,3.0
960,1.0,0.0,0.0,0.0,0.0,0.0,0.0,1.0,1.0
961,1.0,0.0,0.0,0.0,0.0,0.0,0.0,1.0,1.0
962,1.0,0.0,0.0,0.0,0.0,0.0,0.0,1.0,1.0
963,0.5,0.0,0.0,0.0,0.25,0.0,0.0,0.33333333,3.0
964,1.0,0.0,0.0,0.0,0.0,0.0,0.0,1.0,1.0
965,0.66666667,0.0,0.0,0.0,0.33333333,0.0,0.0,0.5,2.0
966,1.0,0.0,0.0,0.0,0.0,0.0,0.0,1.0,1.0
967,1.0,0.0,0.0,0.0,0.0,0.0,0.0,1.0,1.0
968,0.4,0.0,0.0,0.0,0.4,0.0,0.0,0.25,4.0
969,1.0,0.0,0.6,0.5,0.0,0.0,0.00030012,1.0,0.33333333
970,0.6,0.54545455,0.0,0.0,0.8,0.8,0.0,0.25,6.0
971,0.5,0.0,0.0,0.0,0.25,0.0,0.0,0.33333333,3.0
972,1.0,0.0,0.0,0.0,0.0,0.0,0.0,1.0,1.0
973,1.0,0.0,0.0,0.0,0.0,0.0,0.0,1.0,1.0
974,1.0,0.0,0.0,0.0,0.0,0.0,0.0,1.0,1.0
975,1.0,0.0,0.0,0.0,0.0,0.0,0.0,1.0,1.0
976,0.66666667,0.0,0.0,0.0,0.33333333,0.0,0.0,0.5,2.0
977,0.5,0.0,0.0,0.0,0.25,0.0,0.0,0.33333333,3.0
978,1.0,0.0,0.0,0.0,0.0,0.0,0.0,1.0,1.0
979,0.2,0.10344828,0.12,0.0,0.36363636,0.27272727,5.467e-05,0.1,3.66666667
980,0.19230769,0.13953488,0.03225806,0.0,0.53846154,0.38461538,1.542e-05,0.08333333,15.0
981,1.0,0.0,0.0,0.0,0.0,0.0,0.0,1.0,1.0
982,1.0,0.0,0.0,0.0,0.0,0.0,0.0,1.0,1.0
983,1.0,0.0,0.0,0.0,0.0,0.0,0.0,1.0,1.0
984,1.0,0.0,0.0,0.0,0.0,0.0,0.0,1.0,1.0
985,1.0,0.0,0.0,0.0,0.0,0.0,0.0,1.0,1.0
986,0.83333333,0.75,0.0,0.0,1.0,1.0,0.0,0.66666667,5.0
987,1.0,0.0,0.71428571,0.5,0.0,0.0,0.0005002,1.0,0.2
988,1.0,0.0,1.0,1.0,0.0,0.0,0.00020004,1.0,0.0
989,0.4,0.0,0.0,0.0,0.2,0.0,0.0,0.25,4.0
990,0.4,0.0,0.27272727,0.0,0.4,0.0,0.00012012,0.25,1.33333333
991,0.33333333,0.0,0.06666667,0.0,0.57142857,0.0,2.861e-05,0.16666667,7.0
992,1.0,0.0,0.0,0.0,0.0,0.0,0.0,1.0,1.0
993,0.5,0.0,0.0,0.0,0.5,0.0,0.0,0.33333333,3.0
994,1.0,0.0,0.0,0.0,0.0,0.0,0.0,1.0,1.0
995,0.5,0.375,0.0,0.0,0.6,0.6,0.0,0.25,5.0
996,1.0,0.0,0.0,0.0,0.0,0.0,0.0,1.0,1.0
997,0.66666667,0.0,0.0,0.0,0.33333333,0.0,0.0,0.5,2.0
998,1.0,0.0,0.0,0.0,0.0,0.0,0.0,1.0,1.0
999,1.0,0.0,0.0,0.0,0.0,0.0,0.0,1.0,1.0
1000,0.83333333,0.75,0.0,0.0,1.0,1.0,0.0,0.66666667,5.0
1001,0.66666667,0.0,0.42857143,0.0,0.33333333,0.0,0.00020012,0.5,0.66666667
1002,0.66666667,0.0,0.0,0.0,0.33333333,0.0,0.0,0.5,2.0
1003,1.0,0.0,0.0,0.0,0.0,0.0,0.0,1.0,1.0
1004,1.0,0.0,0.0,0.0,0.0,0.0,0.0,1.0,1.0
1005,1.0,0.0,0.0,0.0,0.0,0.0,0.0,1.0,1.0
1006,0.4,0.0,0.11111111,0.0,0.2,0.0,4.004e-05,0.25,4.0
1007,0.33333333,0.0,0.0,0.0,0.33333333,0.0,0.0,0.2,5.0
1008,0.66666667,0.0,0.0,0.0,0.33333333,0.0,0.0,0.5,2.0
1009,0.83333333,0.75,0.0,0.0,1.0,1.0,0.0,0.66666667,5.0
1010,0.5,0.375,0.09090909,0.0,0.6,0.6,4.004e-05,0.25,5.0
1011,1.0,0.0,0.0,0.0,0.0,0.0,0.0,1.0,1.0
1012,1.0,0.0,0.0,0.0,0.0,0.0,0.0,1.0,1.0
1013,0.30555556,0.40909091,0.08333333,0.11111111,0.66666667,0.66666667,4.452e-05,0.125,5.5
1014,1.0,0.0,0.0,0.0,0.0,0.0,0.0,1.0,1.0
1015,0.4,0.0,0.27272727,0.0,0.4,0.0,0.00012012,0.25,1.33333333
1016,0.38095238,0.375,0.0,0.0,0.57142857,0.57142857,0.0,0.16666667,8.0
1017,0.5,0.42857143,0.16666667,0.0,0.6,0.6,8.008e-05,0.25,2.5
1018,1.0,0.0,0.0,0.0,0.0,0.0,0.0,1.0,1.0
1019,1.0,0.0,0.0,0.0,0.0,0.0,0.0,1.0,1.0
1020,1.0,0.0,0.0,0.0,0.0,0.0,0.0,1.0,1.0
1021,1.0,1.0,0.0,0.0,1.0,1.0,0.0,1.0,3.0
1022,1.0,0.0,0.0,0.0,0.0,0.0,0.0,1.0,1.0
1023,1.0,0.0,0.0,0.0,0.0,0.0,0.0,1.0,1.0
1024,1.0,0.0,0.0,0.0,0.0,0.0,0.0,1.0,1.0
1025,1.0,0.0,0.0,0.0,0.0,0.0,0.0,1.0,1.0
1026,1.0,0.0,0.0,0.0,0.0,0.0,0.0,1.0,1.0
1027,1.0,0.0,0.0,0.0,0.0,0.0,0.0,1.0,1.0
1028,0.66666667,0.6,0.0,0.0,0.75,0.75,0.0,0.33333333,4.0
1029,0.6,0.54545455,0.14285714,0.2,0.8,0.8,8.008e-05,0.25,3.0
1030,1.0,0.0,0.0,0.0,0.0,0.0,0.0,1.0,1.0
1031,1.0,0.0,0.0,0.0,0.0,0.0,0.0,1.0,1.0
1032,0.4,0.0,0.0,0.0,0.2,0.0,0.0,0.25,4.0
1033,1.0,0.0,0.0,0.0,0.0,0.0,0.0,1.0,1.0
1034,1.0,0.0,0.0,0.0,0.0,0.0,0.0,1.0,1.0
1035,0.66666667,0.0,0.0,0.0,0.33333333,0.0,0.0,0.5,2.0
1036,1.0,0.0,0.0,0.0,0.0,0.0,0.0,1.0,1.0
1037,0.33333333,0.0,0.09090909,0.0,0.33333333,0.0,3.337e-05,0.2,5.0
1038,0.66666667,0.0,0.2,0.0,0.33333333,0.0,6.671e-05,0.5,2.0
1039,0.28571429,0.0,0.07692308,0.0,0.57142857,0.0,2.861e-05,0.16666667,6.0
1040,0.28571429,0.2,0.23809524,0.125,0.5,0.375,0.0001252,0.14285714,1.6
1041,0.66666667,0.0,0.0,0.0,0.33333333,0.0,0.0,0.5,2.0
1042,1.0,0.0,0.0,0.0,0.0,0.0,0.0,1.0,1.0
1043,1.0,1.0,0.14285714,0.0,1.0,1.0,6.671e-05,1.0,3.0
1044,1.0,0.0,0.0,0.0,0.0,0.0,0.0,1.0,1.0
1045,0.66666667,0.0,0.0,0.0,0.33333333,0.0,0.0,0.5,2.0
1046,0.66666667,0.6,0.0,0.0,0.75,0.75,0.0,0.33333333,4.0
1047,1.0,0.0,0.33333333,0.0,0.0,0.0,0.00010004,1.0,1.0
1048,0.4,0.42857143,0.25,0.0,0.83333333,0.5,0.00013349,0.2,1.5
1049,0.4,0.0,0.2,0.0,0.6,0.0,8.008e-05,0.25,2.0
1050,0.5,0.0,0.14285714,0.0,0.25,0.0,5.004e-05,0.33333333,3.0
1051,1.0,0.0,0.0,0.0,0.0,0.0,0.0,1.0,1.0
1052,0.66666667,0.0,0.0,0.0,0.33333333,0.0,0.0,0.5,2.0
1053,0.5,0.375,0.0,0.0,0.6,0.6,0.0,0.25,5.0
1054,0.66666667,0.6,0.0,0.0,0.75,0.75,0.0,0.33333333,4.0
1055,1.0,0.0,0.0,0.0,0.0,0.0,0.0,1.0,1.0
1056,0.66666667,0.0,0.0,0.0,0.33333333,0.0,0.0,0.5,2.0
1057,0.66666667,0.0,0.0,0.0,0.33333333,0.0,0.0,0.5,2.0
1058,0.5,0.0,0.0,0.0,0.25,0.0,0.0,0.33333333,3.0
1059,0.66666667,0.6,0.2,0.0,0.75,0.75,0.00010008,0.33333333,2.0
1060,0.5,0.42857143,0.09090909,0.0,0.6,0.6,4.004e-05,0.25,5.0
1061,0.17663818,0.31322506,0.01587302,0.0,0.81481481,0.77777778,1.49e-05,0.03846154,31.0
1062,0.33333333,0.34883721,0.36170213,0.1,0.9,0.7,0.00034068,0.11111111,0.88235294
1063,1.0,0.0,0.0,0.0,0.0,0.0,0.0,1.0,1.0
1064,1.0,0.0,0.0,0.0,0.0,0.0,0.0,1.0,1.0
1065,1.0,0.0,0.33333333,0.0,0.0,0.0,0.00010004,1.0,1.0
1066,0.66666667,0.0,0.0,0.0,0.33333333,0.0,0.0,0.5,2.0
1067,0.66666667,0.6,0.38461538,0.25,0.75,0.75,0.0002502,0.33333333,0.8
1068,0.30555556,0.39130435,0.18518519,0.0,0.66666667,0.55555556,0.00011131,0.125,2.2
1069,0.28571429,0.0,0.4,0.14285714,0.28571429,0.0,0.00022889,0.16666667,0.75
1070,0.26666667,0.25714286,0.22580645,0.1,0.5,0.5,0.00014028,0.11111111,1.71428571
1071,0.1969697,0.11320755,0.0,0.0,0.33333333,0.33333333,0.0,0.09090909,13.0
1072,0.5,0.0,0.25,0.0,0.5,0.0,0.00010008,0.33333333,1.5
1073,0.5,0.0,0.14285714,0.0,0.25,0.0,5.004e-05,0.33333333,3.0
1074,0.4,0.0,0.33333333,0.0,0.6,0.0,0.00016016,0.25,1.0
1075,0.66666667,0.0,0.42857143,0.0,0.33333333,0.0,0.00020012,0.5,0.66666667
1076,1.0,1.0,0.0,0.0,1.0,1.0,0.0,1.0,3.0
1077,1.0,0.0,0.33333333,0.0,0.0,0.0,0.00010004,1.0,1.0
1078,0.66666667,0.0,0.0,0.0,0.33333333,0.0,0.0,0.5,2.0
1079,1.0,0.0,0.0,0.0,0.0,0.0,0.0,1.0,1.0
1080,1.0,0.0,0.0,0.0,0.0,0.0,0.0,1.0,1.0
1081,1.0,0.0,0.0,0.0,0.0,0.0,0.0,1.0,1.0
1082,0.66666667,0.0,0.33333333,0.0,0.33333333,0.0,0.00013341,0.5,1.0
1083,1.0,0.0,0.0,0.0,0.0,0.0,0.0,1.0,1.0
1084,1.0,0.0,0.33333333,0.0,0.0,0.0,0.00010004,1.0,1.0
1085,0.66666667,0.0,0.0,0.0,0.33333333,0.0,0.0,0.5,2.0
1086,1.0,0.0,0.0,0.0,0.0,0.0,0.0,1.0,1.0
1087,1.0,0.0,0.0,0.0,0.0,0.0,0.0,1.0,1.0
1088,1.0,0.0,0.0,0.0,0.0,0.0,0.0,1.0,1.0
1089,1.0,0.0,0.0,0.0,0.0,0.0,0.0,1.0,1.0
1090,1.0,0.0,0.33333333,0.0,0.0,0.0,0.00010004,1.0,1.0
1091,0.66666667,0.0,0.0,0.0,0.33333333,0.0,0.0,0.5,2.0
1092,1.0,0.0,0.0,0.0,0.0,0.0,0.0,1.0,1.0
1093,0.83333333,0.75,0.0,0.0,1.0,1.0,0.0,0.66666667,5.0
1094,1.0,0.0,0.0,0.0,0.0,0.0,0.0,1.0,1.0
1095,0.66666667,0.6,0.0,0.0,0.75,0.75,0.0,0.33333333,4.0
1096,1.0,0.0,0.0,0.0,0.0,0.0,0.0,1.0,1.0
1097,0.6,0.6,0.14285714,0.0,0.8,0.8,8.008e-05,0.25,3.0
1098,1.0,0.0,0.0,0.0,0.0,0.0,0.0,1.0,1.0
1099,1.0,1.0,0.0,0.0,1.0,1.0,0.0,1.0,3.0
1100,1.0,0.0,0.5,0.5,0.0,0.0,0.00020008,1.0,0.5
1101,0.66666667,0.0,0.33333333,0.0,0.33333333,0.0,0.00013341,0.5,1.0
1102,0.5,0.0,0.33333333,0.25,0.5,0.0,0.00015012,0.33333333,1.0
1103,0.66666667,0.0,0.0,0.0,0.33333333,0.0,0.0,0.5,2.0
1104,1.0,0.0,0.0,0.0,0.0,0.0,0.0,1.0,1.0
1105,1.0,0.0,0.0,0.0,0.0,0.0,0.0,1.0,1.0
1106,0.83333333,0.75,0.0,0.0,1.0,1.0,0.0,0.66666667,5.0
1107,1.0,0.0,0.0,0.0,0.0,0.0,0.0,1.0,1.0
1108,0.5,0.0,0.0,0.0,0.25,0.0,0.0,0.33333333,3.0
1109,1.0,0.0,0.33333333,0.0,0.0,0.0,0.00010004,1.0,1.0
1110,0.5,0.0,0.0,0.0,0.5,0.0,0.0,0.33333333,3.0
1111,0.66666667,0.0,0.0,0.0,0.33333333,0.0,0.0,0.5,2.0
1112,0.66666667,0.6,0.0,0.0,0.75,0.75,0.0,0.33333333,4.0
1113,0.28571429,0.2,0.0,0.0,0.5,0.375,0.0,0.14285714,8.0
1114,1.0,0.0,0.0,0.0,0.0,0.0,0.0,1.0,1.0
1115,1.0,0.0,0.0,0.0,0.0,0.0,0.0,1.0,1.0
1116,1.0,0.0,0.0,0.0,0.0,0.0,0.0,1.0,1.0
1117,1.0,0.0,0.0,0.0,0.0,0.0,0.0,1.0,1.0
1118,1.0,1.0,0.0,0.0,1.0,1.0,0.0,1.0,3.0
1119,1.0,0.0,0.0,0.0,0.0,0.0,0.0,1.0,1.0
1120,1.0,0.0,0.0,0.0,0.0,0.0,0.0,1.0,1.0
1121,1.0,0.0,0.0,0.0,0.0,0.0,0.0,1.0,1.0
1122,1.0,0.0,0.0,0.0,0.0,0.0,0.0,1.0,1.0
1123,1.0,0.0,0.0,0.0,0.0,0.0,0.0,1.0,1.0
1124,0.66666667,0.0,0.42857143,0.0,0.33333333,0.0,0.00020012,0.5,0.66666667
1125,0.6,0.54545455,0.0,0.0,0.8,0.8,0.0,0.25,6.0
1126,1.0,1.0,0.0,0.0,1.0,1.0,0.0,1.0,3.0
1127,1.0,0.0,0.0,0.0,0.0,0.0,0.0,1.0,1.0
1128,1.0,0.0,0.0,0.0,0.0,0.0,0.0,1.0,1.0
1129,0.66666667,0.0,0.33333333,0.0,0.33333333,0.0,0.00013341,0.5,1.0
1130,0.47619048,0.65217391,0.0,0.0,0.85714286,0.85714286,0.0,0.16666667,10.0
1131,1.0,1.0,0.0,0.0,1.0,1.0,0.0,1.0,3.0
1132,1.0,1.0,0.14285714,0.0,1.0,1.0,6.671e-05,1.0,3.0
1133,1.0,0.0,1.0,1.0,0.0,0.0,0.00020004,1.0,0.0
1134,0.22222222,0.0,0.05882353,0.0,0.33333333,0.0,2.226e-05,0.125,8.0
1135,0.83333333,0.75,0.0,0.0,1.0,1.0,0.0,0.66666667,5.0
1136,1.0,0.0,0.0,0.0,0.0,0.0,0.0,1.0,1.0
1137,1.0,0.0,0.0,0.0,0.0,0.0,0.0,1.0,1.0
1138,1.0,0.0,0.0,0.0,0.0,0.0,0.0,1.0,1.0
1139,1.0,0.0,1.0,1.0,0.0,0.0,0.00020004,1.0,0.0
1140,0.18181818,0.0,0.16666667,0.0,0.09090909,0.0,7.289e-05,0.1,2.5
1141,0.2,0.0,0.18181818,0.0,0.1,0.0,8.016e-05,0.11111111,2.25
1142,0.18181818,0.06122449,0.07692308,0.0,0.25,0.25,3.341e-05,0.09090909,6.0
1143,0.33333333,0.0,0.0,0.0,0.5,0.0,0.0,0.2,5.0
1144,1.0,0.0,0.0,0.0,0.0,0.0,0.0,1.0,1.0
1145,1.0,0.0,0.0,0.0,0.0,0.0,0.0,1.0,1.0
1146,1.0,0.0,0.0,0.0,0.0,0.0,0.0,1.0,1.0
1147,0.66666667,0.6,0.0,0.0,0.75,0.75,0.0,0.33333333,4.0
1148,1.0,0.0,0.0,0.0,0.0,0.0,0.0,1.0,1.0
1149,1.0,0.0,0.0,0.0,0.0,0.0,0.0,1.0,1.0
1150,1.0,0.0,0.0,0.0,0.0,0.0,0.0,1.0,1.0
1151,1.0,0.0,0.0,0.0,0.0,0.0,0.0,1.0,1.0
1152,1.0,0.0,0.0,0.0,0.0,0.0,0.0,1.0,1.0
1153,0.66666667,0.6,0.0,0.0,0.75,0.75,0.0,0.33333333,4.0
1154,1.0,0.0,0.0,0.0,0.0,0.0,0.0,1.0,1.0
1155,1.0,0.0,0.0,0.0,0.0,0.0,0.0,1.0,1.0
1156,1.0,1.0,0.0,0.0,1.0,1.0,0.0,1.0,3.0
1157,1.0,0.0,0.0,0.0,0.0,0.0,0.0,1.0,1.0
1158,1.0,0.0,0.0,0.0,0.0,0.0,0.0,1.0,1.0
1159,1.0,0.0,0.0,0.0,0.0,0.0,0.0,1.0,1.0
1160,1.0,0.0,0.0,0.0,0.0,0.0,0.0,1.0,1.0
1161,0.66666667,0.6,0.11111111,0.0,0.75,0.75,5.004e-05,0.33333333,4.0
1162,1.0,0.0,0.33333333,0.0,0.0,0.0,0.00010004,1.0,1.0
1163,0.5,0.5,0.0,0.0,0.8,0.6,0.0,0.25,5.0
1164,1.0,0.0,0.0,0.0,0.0,0.0,0.0,1.0,1.0
1165,1.0,0.0,0.0,0.0,0.0,0.0,0.0,1.0,1.0
1166,1.0,1.0,0.0,0.0,1.0,1.0,0.0,1.0,3.0
1167,1.0,0.0,0.0,0.0,0.0,0.0,0.0,1.0,1.0
1168,1.0,0.0,0.0,0.0,0.0,0.0,0.0,1.0,1.0
1169,0.5,0.0,0.0,0.0,0.25,0.0,0.0,0.33333333,3.0
1170,1.0,0.0,0.33333333,0.0,0.0,0.0,0.00010004,1.0,1.0
1171,0.66666667,0.0,0.0,0.0,0.33333333,0.0,0.0,0.5,2.0
1172,0.5,0.0,0.4,0.25,0.25,0.0,0.00020016,0.33333333,0.75
1173,1.0,0.0,0.66666667,0.5,0.0,0.0,0.00040016,1.0,0.25
1174,0.66666667,0.0,0.0,0.0,0.33333333,0.0,0.0,0.5,2.0
1175,1.0,0.0,0.0,0.0,0.0,0.0,0.0,1.0,1.0
1176,1.0,0.0,0.33333333,0.0,0.0,0.0,0.00010004,1.0,1.0
1177,0.4,0.0,0.0,0.0,0.4,0.0,0.0,0.25,4.0
1178,0.66666667,0.0,0.2,0.0,0.33333333,0.0,6.671e-05,0.5,2.0
1179,1.0,0.0,0.0,0.0,0.0,0.0,0.0,1.0,1.0
1180,0.5,0.0,0.0,0.0,0.25,0.0,0.0,0.33333333,3.0
1181,0.66666667,0.6,0.27272727,0.0,0.75,0.75,0.00015012,0.33333333,1.33333333
1182,0.46666667,0.4,0.0,0.0,0.66666667,0.66666667,0.0,0.2,7.0
1183,0.4,0.0,0.11111111,0.0,0.2,0.0,4.004e-05,0.25,4.0
1184,0.66666667,0.0,0.0,0.0,0.33333333,0.0,0.0,0.5,2.0
1185,0.66666667,0.0,0.2,0.0,0.33333333,0.0,6.671e-05,0.5,2.0
1186,0.28571429,0.0,0.0,0.0,0.42857143,0.0,0.0,0.16666667,6.0
1187,1.0,0.0,0.0,0.0,0.0,0.0,0.0,1.0,1.0
1188,0.66666667,0.0,0.0,0.0,0.33333333,0.0,0.0,0.5,2.0
1189,1.0,0.0,0.0,0.0,0.0,0.0,0.0,1.0,1.0
1190,1.0,0.0,0.0,0.0,0.0,0.0,0.0,1.0,1.0
1191,1.0,0.0,0.0,0.0,0.0,0.0,0.0,1.0,1.0
1192,1.0,1.0,0.0,0.0,1.0,1.0,0.0,1.0,3.0
1193,0.66666667,0.0,0.0,0.0,0.33333333,0.0,0.0,0.5,2.0
1194,1.0,0.0,0.0,0.0,0.0,0.0,0.0,1.0,1.0
1195,1.0,0.0,0.0,0.0,0.0,0.0,0.0,1.0,1.0
1196,1.0,0.0,0.0,0.0,0.0,0.0,0.0,1.0,1.0
1197,1.0,0.0,0.0,0.0,0.0,0.0,0.0,1.0,1.0
1198,1.0,0.0,1.0,1.0,0.0,0.0,0.00020004,1.0,0.0
1199,0.4,0.0,0.11111111,0.0,0.2,0.0,4.004e-05,0.25,4.0
1200,0.5,0.0,0.14285714,0.0,0.25,0.0,5.004e-05,0.33333333,3.0
1201,1.0,0.0,0.0,0.0,0.0,0.0,0.0,1.0,1.0
1202,1.0,0.0,0.0,0.0,0.0,0.0,0.0,1.0,1.0
1203,0.66666667,0.0,0.33333333,0.33333333,0.33333333,0.0,0.00013341,0.5,1.0
1204,0.4,0.375,0.0,0.0,0.66666667,0.5,0.0,0.2,6.0
1205,1.0,0.0,0.0,0.0,0.0,0.0,0.0,1.0,1.0
1206,0.0952381,0.0,0.13043478,0.0,0.04761905,0.0,5.738e-05,0.05,3.33333333
1207,0.5,0.0,0.4,0.0,0.25,0.0,0.00020016,0.33333333,0.75
1208,0.0942029,0.03435115,0.01886792,0.0,0.20833333,0.20833333,8.37e-06,0.04347826,26.0
1209,0.5,0.0,0.6,0.25,0.25,0.0,0.00045036,0.33333333,0.33333333
1210,0.26923077,0.29126214,0.02325581,0.0,0.69230769,0.69230769,1.542e-05,0.08333333,21.0
1211,1.0,0.0,0.0,0.0,0.0,0.0,0.0,1.0,1.0
1212,0.4,0.0,0.0,0.0,0.2,0.0,0.0,0.25,4.0
1213,0.5,0.0,0.14285714,0.0,0.25,0.0,5.004e-05,0.33333333,3.0
1214,0.4,0.25,0.07692308,0.0,0.5,0.5,3.337e-05,0.2,6.0
1215,0.66666667,0.6,0.2,0.0,0.75,0.75,0.00010008,0.33333333,2.0
1216,1.0,0.0,0.0,0.0,0.0,0.0,0.0,1.0,1.0
1217,1.0,0.0,0.0,0.0,0.0,0.0,0.0,1.0,1.0
1218,0.5,0.0,0.0,0.0,0.5,0.0,0.0,0.33333333,3.0
1219,1.0,0.0,0.0,0.0,0.0,0.0,0.0,1.0,1.0
1220,1.0,0.0,0.0,0.0,0.0,0.0,0.0,1.0,1.0
1221,1.0,0.0,0.0,0.0,0.0,0.0,0.0,1.0,1.0
1222,1.0,0.0,0.0,0.0,0.0,0.0,0.0,1.0,1.0
1223,0.5,0.0,0.0,0.0,0.25,0.0,0.0,0.33333333,3.0
1224,1.0,0.0,0.0,0.0,0.0,0.0,0.0,1.0,1.0
1225,1.0,0.0,0.0,0.0,0.0,0.0,0.0,1.0,1.0
1226,1.0,0.0,0.5,0.5,0.0,0.0,0.00020008,1.0,0.5
1227,1.0,0.0,0.0,0.0,0.0,0.0,0.0,1.0,1.0
1228,1.0,0.0,0.33333333,0.0,0.0,0.0,0.00010004,1.0,1.0
1229,0.66666667,0.6,0.0,0.0,0.75,0.75,0.0,0.33333333,4.0
1230,0.5,0.0,0.25,0.0,0.25,0.0,0.00010008,0.33333333,1.5
1231,1.0,0.0,0.0,0.0,0.0,0.0,0.0,1.0,1.0
1232,0.33333333,0.0,0.0,0.0,0.16666667,0.0,0.0,0.2,5.0
1233,0.5,0.0,0.0,0.0,0.25,0.0,0.0,0.33333333,3.0
1234,1.0,0.0,0.0,0.0,0.0,0.0,0.0,1.0,1.0
1235,1.0,0.0,0.0,0.0,0.0,0.0,0.0,1.0,1.0
1236,1.0,0.0,0.0,0.0,0.0,0.0,0.0,1.0,1.0
1237,1.0,0.0,0.0,0.0,0.0,0.0,0.0,1.0,1.0
1238,1.0,0.0,0.5,0.5,0.0,0.0,0.00020008,1.0,0.5
1239,1.0,0.0,0.0,0.0,0.0,0.0,0.0,1.0,1.0
1240,0.66666667,0.0,0.0,0.0,0.33333333,0.0,0.0,0.5,2.0
1241,1.0,0.0,0.0,0.0,0.0,0.0,0.0,1.0,1.0
1242,1.0,0.0,0.33333333,0.0,0.0,0.0,0.00010004,1.0,1.0
1243,0.66666667,0.6,0.0,0.0,0.75,0.75,0.0,0.33333333,4.0
1244,1.0,0.0,1.0,1.0,0.0,0.0,0.00020004,1.0,0.0
1245,0.5,0.0,0.0,0.0,0.25,0.0,0.0,0.33333333,3.0
1246,0.66666667,0.0,0.0,0.0,0.33333333,0.0,0.0,0.5,2.0
1247,0.66666667,0.0,0.2,0.0,0.33333333,0.0,6.671e-05,0.5,2.0
1248,0.8,0.78947368,0.0,0.0,1.0,1.0,0.0,0.5,8.0
1249,1.0,0.0,0.0,0.0,0.0,0.0,0.0,1.0,1.0
1250,1.0,0.0,0.0,0.0,0.0,0.0,0.0,1.0,1.0
1251,1.0,0.0,0.0,0.0,0.0,0.0,0.0,1.0,1.0
1252,0.66666667,0.0,0.0,0.0,0.33333333,0.0,0.0,0.5,2.0
1253,0.09359606,0.06521739,0.21649485,0.03448276,0.51724138,0.27586207,0.00014567,0.03571429,1.80952381
1254,0.4,0.0,0.33333333,0.0,0.4,0.0,0.00016016,0.25,1.0
1255,0.66666667,0.0,0.0,0.0,0.33333333,0.0,0.0,0.5,2.0
1256,1.0,0.0,0.0,0.0,0.0,0.0,0.0,1.0,1.0
1257,1.0,0.0,0.0,0.0,0.0,0.0,0.0,1.0,1.0
1258,0.14210526,0.19811321,0.27027027,0.1,0.6,0.45,0.0002008,0.05263158,1.35
1259,0.46666667,0.4,0.0,0.0,0.66666667,0.66666667,0.0,0.2,7.0
1260,1.0,0.0,0.0,0.0,0.0,0.0,0.0,1.0,1.0
1261,1.0,0.0,0.0,0.0,0.0,0.0,0.0,1.0,1.0
1262,0.5,0.0,0.0,0.0,0.5,0.0,0.0,0.33333333,3.0
1263,0.26666667,0.31034483,0.04,0.0,0.6,0.6,2.004e-05,0.11111111,12.0
1264,0.30555556,0.33333333,0.08333333,0.0,0.66666667,0.66666667,4.452e-05,0.125,5.5
1265,1.0,0.0,0.0,0.0,0.0,0.0,0.0,1.0,1.0
1266,1.0,0.0,0.0,0.0,0.0,0.0,0.0,1.0,1.0
1267,1.0,0.0,0.0,0.0,0.0,0.0,0.0,1.0,1.0
1268,0.7,0.64285714,0.0,0.0,1.0,1.0,0.0,0.5,7.0
1269,1.0,0.0,0.5,0.0,0.0,0.0,0.00020008,1.0,0.5
1270,0.66666667,0.6,0.0,0.0,0.75,0.75,0.0,0.33333333,4.0
1271,1.0,0.0,0.0,0.0,0.0,0.0,0.0,1.0,1.0
1272,1.0,1.0,0.0,0.0,1.0,1.0,0.0,1.0,3.0
1273,0.66666667,0.0,0.0,0.0,0.33333333,0.0,0.0,0.5,2.0
1274,1.0,0.0,0.0,0.0,0.0,0.0,0.0,1.0,1.0
1275,1.0,0.0,0.0,0.0,0.0,0.0,0.0,1.0,1.0
1276,1.0,0.0,0.0,0.0,0.0,0.0,0.0,1.0,1.0
1277,1.0,0.0,0.0,0.0,0.0,0.0,0.0,1.0,1.0
1278,1.0,0.0,0.0,0.0,0.0,0.0,0.0,1.0,1.0
1279,0.66666667,0.6,0.11111111,0.0,0.75,0.75,5.004e-05,0.33333333,4.0
1280,1.0,0.0,0.0,0.0,0.0,0.0,0.0,1.0,1.0
1281,0.66666667,0.0,0.0,0.0,0.33333333,0.0,0.0,0.5,2.0
1282,1.0,0.0,0.0,0.0,0.0,0.0,0.0,1.0,1.0
1283,1.0,0.0,0.0,0.0,0.0,0.0,0.0,1.0,1.0
1284,1.0,1.0,0.0,0.0,1.0,1.0,0.0,1.0,6.0
1285,1.0,0.0,0.5,0.0,0.0,0.0,0.00020008,1.0,0.5
1286,1.0,0.0,0.0,0.0,0.0,0.0,0.0,1.0,1.0
1287,1.0,0.0,0.0,0.0,0.0,0.0,0.0,1.0,1.0
1288,1.0,0.0,0.5,0.5,0.0,0.0,0.00020008,1.0,0.5
1289,0.5,0.0,0.14285714,0.0,0.5,0.0,5.004e-05,0.33333333,3.0
1290,0.5,0.0,0.0,0.0,0.5,0.0,0.0,0.33333333,3.0
1291,0.5,0.0,0.25,0.0,0.5,0.0,0.00010008,0.33333333,1.5
1292,0.4,0.0,0.2,0.0,0.6,0.0,8.008e-05,0.25,2.0
1293,1.0,0.0,0.0,0.0,0.0,0.0,0.0,1.0,1.0
1294,0.66666667,0.0,0.0,0.0,0.33333333,0.0,0.0,0.5,2.0
1295,1.0,0.0,0.0,0.0,0.0,0.0,0.0,1.0,1.0
1296,1.0,0.0,0.0,0.0,0.0,0.0,0.0,1.0,1.0
1297,1.0,0.0,0.0,0.0,0.0,0.0,0.0,1.0,1.0
1298,0.66666667,0.0,0.0,0.0,0.33333333,0.0,0.0,0.5,2.0
1299,1.0,0.0,0.0,0.0,0.0,0.0,0.0,1.0,1.0
1300,1.0,0.0,0.0,0.0,0.0,0.0,0.0,1.0,1.0
1301,1.0,1.0,0.0,0.0,1.0,1.0,0.0,1.0,3.0
1302,1.0,1.0,0.0,0.0,1.0,1.0,0.0,1.0,3.0
1303,0.66666667,0.0,0.42857143,0.33333333,0.33333333,0.0,0.00020012,0.5,0.66666667
1304,0.53333333,0.63157895,0.0,0.0,0.66666667,0.66666667,0.0,0.2,8.0
1305,1.0,0.0,0.33333333,0.0,0.0,0.0,0.00010004,1.0,1.0
1306,0.66666667,0.0,0.0,0.0,0.33333333,0.0,0.0,0.5,2.0
1307,0.66666667,0.0,0.2,0.0,0.33333333,0.0,6.671e-05,0.5,2.0
1308,0.33333333,0.0,0.0,0.0,0.33333333,0.0,0.0,0.2,5.0
1309,0.5,0.0,0.25,0.0,0.5,0.0,0.00010008,0.33333333,1.5
1310,1.0,0.0,0.0,0.0,0.0,0.0,0.0,1.0,1.0
1311,0.28571429,0.0,0.07692308,0.0,0.28571429,0.0,2.861e-05,0.16666667,6.0
1312,0.4,0.0,0.11111111,0.0,0.2,0.0,4.004e-05,0.25,4.0
1313,0.33333333,0.17647059,0.0,0.0,0.42857143,0.42857143,0.0,0.16666667,7.0
1314,0.5,0.0,0.57142857,0.5,0.25,0.0,0.00040032,0.33333333,0.375
1315,0.29090909,0.3442623,0.2195122,0.0,0.72727273,0.72727273,0.000164,0.1,1.77777778
1316,0.30769231,0.48322148,0.0,0.0,0.78571429,0.78571429,0.0,0.07692308,28.0
1317,1.0,0.0,0.0,0.0,0.0,0.0,0.0,1.0,1.0
1318,1.0,0.0,0.0,0.0,0.0,0.0,0.0,1.0,1.0
1319,1.0,0.0,0.0,0.0,0.0,0.0,0.0,1.0,1.0
1320,0.45454545,0.5625,0.0,0.0,0.90909091,0.90909091,0.0,0.1,25.0
1321,1.0,0.0,0.0,0.0,0.0,0.0,0.0,1.0,1.0
1322,1.0,0.0,0.0,0.0,0.0,0.0,0.0,1.0,1.0
1323,0.5,0.0,0.0,0.0,0.25,0.0,0.0,0.33333333,3.0
1324,1.0,0.0,0.0,0.0,0.0,0.0,0.0,1.0,1.0
1325,1.0,0.0,1.0,1.0,0.0,0.0,0.00020004,1.0,0.0
1326,0.66666667,0.0,0.0,0.0,0.33333333,0.0,0.0,0.5,2.0
1327,0.66666667,0.0,0.0,0.0,0.33333333,0.0,0.0,0.5,2.0
1328,0.5,0.0,0.14285714,0.0,0.25,0.0,5.004e-05,0.33333333,3.0
1329,1.0,0.0,0.0,0.0,0.0,0.0,0.0,1.0,1.0
1330,0.5,0.0,0.0,0.0,0.25,0.0,0.0,0.33333333,3.0
1331,0.66666667,0.0,0.2,0.0,0.33333333,0.0,6.671e-05,0.5,2.0
1332,0.7,0.6,0.0,0.0,1.0,1.0,0.0,0.5,7.0
1333,1.0,0.0,0.33333333,0.0,0.0,0.0,0.00010004,1.0,1.0
1334,0.66666667,0.0,0.0,0.0,0.33333333,0.0,0.0,0.5,2.0
1335,1.0,0.0,0.0,0.0,0.0,0.0,0.0,1.0,1.0
1336,1.0,0.0,0.0,0.0,0.0,0.0,0.0,1.0,1.0
1337,0.33333333,0.33333333,0.17647059,0.0,0.71428571,0.42857143,8.583e-05,0.16666667,2.33333333
1338,0.66666667,0.0,0.2,0.0,0.33333333,0.0,6.671e-05,0.5,2.0
1339,0.66666667,0.0,0.0,0.0,0.33333333,0.0,0.0,0.5,2.0
1340,0.66666667,0.0,0.0,0.0,0.33333333,0.0,0.0,0.5,2.0
1341,0.5,0.0,0.0,0.0,0.5,0.0,0.0,0.33333333,3.0
1342,0.66666667,0.6,0.0,0.0,0.75,0.75,0.0,0.33333333,4.0
1343,1.0,0.0,0.0,0.0,0.0,0.0,0.0,1.0,1.0
1344,1.0,0.0,0.0,0.0,0.0,0.0,0.0,1.0,1.0
1345,0.5,0.0,0.14285714,0.0,0.5,0.0,5.004e-05,0.33333333,3.0
1346,0.33333333,0.0,0.0,0.0,0.16666667,0.0,0.0,0.2,5.0
1347,1.0,0.0,0.0,0.0,0.0,0.0,0.0,1.0,1.0
1348,0.5,0.0,0.0,0.0,0.5,0.0,0.0,0.33333333,3.0
1349,0.5,0.0,0.0,0.0,0.25,0.0,0.0,0.33333333,3.0
1350,1.0,0.0,0.0,0.0,0.0,0.0,0.0,1.0,1.0
1351,0.6,0.54545455,0.0,0.0,0.8,0.8,0.0,0.25,6.0
1352,0.5,0.58695652,0.0,0.0,0.875,0.875,0.0,0.14285714,14.0
1353,1.0,0.0,0.0,0.0,0.0,0.0,0.0,1.0,1.0
1354,0.5,0.0,0.0,0.0,0.25,0.0,0.0,0.33333333,3.0
1355,1.0,0.0,0.0,0.0,0.0,0.0,0.0,1.0,1.0
1356,0.4,0.0,0.0,0.0,0.2,0.0,0.0,0.25,4.0
1357,0.5,0.0,0.14285714,0.0,0.25,0.0,5.004e-05,0.33333333,3.0
1358,0.66666667,0.0,0.0,0.0,0.33333333,0.0,0.0,0.5,2.0
1359,1.0,0.0,0.0,0.0,0.0,0.0,0.0,1.0,1.0
1360,1.0,0.0,0.0,0.0,0.0,0.0,0.0,1.0,1.0
1361,0.4,0.0,0.33333333,0.0,0.4,0.0,0.00016016,0.25,1.0
1362,0.5,0.0,0.45454545,0.25,0.25,0.0,0.0002502,0.33333333,0.6
1363,0.4,0.0,0.11111111,0.0,0.2,0.0,4.004e-05,0.25,4.0
1364,0.5,0.0,0.14285714,0.0,0.25,0.0,5.004e-05,0.33333333,3.0
1365,1.0,0.0,1.0,1.0,0.0,0.0,0.00020004,1.0,0.0
1366,0.66666667,0.0,0.0,0.0,0.33333333,0.0,0.0,0.5,2.0
1367,0.6,0.54545455,0.42857143,0.2,0.8,0.8,0.00036036,0.25,0.66666667
1368,0.33333333,0.0,0.62962963,0.5,0.16666667,0.0,0.00056735,0.2,0.29411765
1369,0.22943723,0.41463415,0.01851852,0.0,0.86363636,0.77272727,1.826e-05,0.04761905,26.5
1370,1.0,0.0,0.0,0.0,0.0,0.0,0.0,1.0,1.0
1371,1.0,0.0,0.0,0.0,0.0,0.0,0.0,1.0,1.0
1372,0.76190476,0.80952381,0.0,0.0,1.0,1.0,0.0,0.33333333,16.0
1373,1.0,0.0,0.0,0.0,0.0,0.0,0.0,1.0,1.0
1374,1.0,0.0,0.0,0.0,0.0,0.0,0.0,1.0,1.0
1375,0.66666667,0.6,0.0,0.0,0.75,0.75,0.0,0.33333333,4.0
1376,0.4,0.0,0.0,0.0,0.2,0.0,0.0,0.25,4.0
1377,1.0,0.0,0.0,0.0,0.0,0.0,0.0,1.0,1.0
1378,1.0,0.0,0.0,0.0,0.0,0.0,0.0,1.0,1.0
1379,0.66666667,0.0,0.0,0.0,0.33333333,0.0,0.0,0.5,2.0
1380,1.0,0.0,0.0,0.0,0.0,0.0,0.0,1.0,1.0
1381,1.0,0.0,0.0,0.0,0.0,0.0,0.0,1.0,1.0
1382,1.0,0.0,0.0,0.0,0.0,0.0,0.0,1.0,1.0
1383,0.31111111,0.375,0.0,0.0,0.6,0.6,0.0,0.11111111,14.0
1384,0.7,0.64285714,0.0,0.0,1.0,1.0,0.0,0.5,7.0
1385,1.0,0.0,0.0,0.0,0.0,0.0,0.0,1.0,1.0
1386,0.5,0.0,0.0,0.0,0.5,0.0,0.0,0.33333333,3.0
1387,1.0,0.0,0.0,0.0,0.0,0.0,0.0,1.0,1.0
1388,1.0,0.0,0.0,0.0,0.0,0.0,0.0,1.0,1.0
1389,0.66666667,0.0,0.0,0.0,0.33333333,0.0,0.0,0.5,2.0
1390,0.18181818,0.0,0.16666667,0.09090909,0.27272727,0.0,7.289e-05,0.1,2.5
1391,0.38095238,0.1875,0.27272727,0.14285714,0.71428571,0.42857143,0.00017167,0.16666667,1.33333333
1392,0.66666667,0.0,0.5,0.33333333,0.33333333,0.0,0.00026683,0.5,0.5
1393,0.5,0.375,0.16666667,0.0,0.6,0.6,8.008e-05,0.25,2.5
1394,1.0,0.0,0.0,0.0,0.0,0.0,0.0,1.0,1.0
1395,1.0,0.0,0.0,0.0,0.0,0.0,0.0,1.0,1.0
1396,1.0,0.0,0.0,0.0,0.0,0.0,0.0,1.0,1.0
1397,1.0,0.0,0.5,0.5,0.0,0.0,0.00020008,1.0,0.5
1398,0.28571429,0.0,0.2,0.0,0.42857143,0.0,8.583e-05,0.16666667,2.0
1399,0.66666667,0.0,0.42857143,0.33333333,0.33333333,0.0,0.00020012,0.5,0.66666667
1400,0.38095238,0.35294118,0.0,0.0,0.57142857,0.57142857,0.0,0.16666667,8.0
1401,0.66666667,0.0,0.2,0.0,0.33333333,0.0,6.671e-05,0.5,2.0
1402,0.28571429,0.0,0.0,0.0,0.28571429,0.0,0.0,0.16666667,6.0
1403,1.0,0.0,0.0,0.0,0.0,0.0,0.0,1.0,1.0
1404,1.0,0.0,0.0,0.0,0.0,0.0,0.0,1.0,1.0
1405,1.0,0.0,0.0,0.0,0.0,0.0,0.0,1.0,1.0
1406,0.5,0.0,0.0,0.0,0.25,0.0,0.0,0.33333333,3.0
1407,0.66666667,0.0,0.2,0.0,0.33333333,0.0,6.671e-05,0.5,2.0
1408,0.66666667,0.0,0.0,0.0,0.33333333,0.0,0.0,0.5,2.0
1409,0.33333333,0.0,0.09090909,0.0,0.33333333,0.0,3.337e-05,0.2,5.0
1410,0.66666667,0.0,0.0,0.0,0.33333333,0.0,0.0,0.5,2.0
1411,0.83333333,0.75,0.0,0.0,1.0,1.0,0.0,0.66666667,5.0
1412,0.5,0.0,0.0,0.0,0.25,0.0,0.0,0.33333333,3.0
1413,1.0,0.0,1.0,1.0,0.0,0.0,0.00020004,1.0,0.0
1414,1.0,0.0,1.0,1.0,0.0,0.0,0.00020004,1.0,0.0
1415,0.33333333,0.0,0.0,0.0,0.16666667,0.0,0.0,0.2,5.0
1416,0.33333333,0.0,0.0,0.0,0.16666667,0.0,0.0,0.2,5.0
1417,1.0,0.0,0.0,0.0,0.0,0.0,0.0,1.0,1.0
1418,0.66666667,0.0,0.0,0.0,0.33333333,0.0,0.0,0.5,2.0
1419,1.0,0.0,0.0,0.0,0.0,0.0,0.0,1.0,1.0
1420,0.5,0.0,0.25,0.0,0.5,0.0,0.00010008,0.33333333,1.5
1421,0.28571429,0.0,0.0,0.0,0.625,0.0,0.0,0.14285714,8.0
1422,1.0,0.0,0.0,0.0,0.0,0.0,0.0,1.0,1.0
1423,0.66666667,0.0,0.0,0.0,0.33333333,0.0,0.0,0.5,2.0
1424,0.66666667,0.0,0.0,0.0,0.33333333,0.0,0.0,0.5,2.0
1425,0.66666667,0.0,0.0,0.0,0.33333333,0.0,0.0,0.5,2.0
1426,1.0,0.0,1.0,1.0,0.0,0.0,0.00020004,1.0,0.0
1427,0.66666667,0.0,0.0,0.0,0.33333333,0.0,0.0,0.5,2.0
1428,0.4,0.0,0.2,0.0,0.4,0.0,8.008e-05,0.25,2.0
1429,0.38095238,0.3,0.2,0.14285714,0.57142857,0.57142857,0.00011445,0.16666667,2.0
1430,0.5,0.0,0.4,0.0,0.25,0.0,0.00020016,0.33333333,0.75
1431,0.31111111,0.34285714,0.0,0.0,0.7,0.6,0.0,0.11111111,14.0
1432,1.0,0.0,0.0,0.0,0.0,0.0,0.0,1.0,1.0
1433,1.0,0.0,0.0,0.0,0.0,0.0,0.0,1.0,1.0
1434,1.0,1.0,0.0,0.0,1.0,1.0,0.0,1.0,6.0
1435,1.0,0.0,1.0,1.0,0.0,0.0,0.00020004,1.0,0.0
1436,1.0,0.0,0.33333333,0.0,0.0,0.0,0.00010004,1.0,1.0
1437,0.24242424,0.38297872,0.13513514,0.0,0.58333333,0.5,8.353e-05,0.09090909,3.2
1438,1.0,0.0,0.0,0.0,0.0,0.0,0.0,1.0,1.0
1439,0.5,0.0,0.14285714,0.0,0.25,0.0,5.004e-05,0.33333333,3.0
1440,0.66666667,0.0,0.2,0.0,0.33333333,0.0,6.671e-05,0.5,2.0
1441,0.06756757,0.07619048,0.18918919,0.02702703,0.62162162,0.32432432,0.00011436,0.02777778,2.14285714
1442,1.0,0.0,0.0,0.0,0.0,0.0,0.0,1.0,1.0
1443,1.0,1.0,0.0,0.0,1.0,1.0,0.0,1.0,3.0
1444,0.27777778,0.18181818,0.13043478,0.0,0.44444444,0.44444444,6.679e-05,0.125,3.33333333
1445,0.28888889,0.30612245,0.0,0.0,0.5,0.5,0.0,0.11111111,13.0
1446,0.5,0.0,0.0,0.0,0.5,0.0,0.0,0.33333333,3.0
1447,1.0,0.0,0.0,0.0,0.0,0.0,0.0,1.0,1.0
1448,1.0,0.0,0.0,0.0,0.0,0.0,0.0,1.0,1.0
1449,1.0,0.0,0.0,0.0,0.0,0.0,0.0,1.0,1.0
1450,0.4,0.0,0.2,0.0,0.4,0.0,8.008e-05,0.25,2.0
1451,1.0,0.0,0.0,0.0,0.0,0.0,0.0,1.0,1.0
1452,1.0,0.0,0.0,0.0,0.0,0.0,0.0,1.0,1.0
1453,1.0,0.0,0.0,0.0,0.0,0.0,0.0,1.0,1.0
1454,1.0,0.0,0.0,0.0,0.0,0.0,0.0,1.0,1.0
1455,1.0,0.0,0.0,0.0,0.0,0.0,0.0,1.0,1.0
1456,1.0,0.0,0.0,0.0,0.0,0.0,0.0,1.0,1.0
1457,1.0,0.0,0.0,0.0,0.0,0.0,0.0,1.0,1.0
1458,1.0,0.0,0.0,0.0,0.0,0.0,0.0,1.0,1.0
1459,1.0,0.0,0.0,0.0,0.0,0.0,0.0,1.0,1.0
1460,1.0,0.0,0.0,0.0,0.0,0.0,0.0,1.0,1.0
1461,1.0,0.0,0.0,0.0,0.0,0.0,0.0,1.0,1.0
1462,0.5,0.0,0.25,0.0,0.25,0.0,0.00010008,0.33333333,1.5
1463,0.5,0.375,0.0,0.0,0.6,0.6,0.0,0.25,5.0
1464,1.0,0.0,1.0,1.0,0.0,0.0,0.00020004,1.0,0.0
1465,0.22222222,0.0,0.0,0.0,0.33333333,0.0,0.0,0.125,8.0
1466,1.0,0.0,0.0,0.0,0.0,0.0,0.0,1.0,1.0
1467,1.0,0.0,0.33333333,0.0,0.0,0.0,0.00010004,1.0,1.0
1468,0.66666667,0.0,0.0,0.0,0.33333333,0.0,0.0,0.5,2.0
1469,1.0,0.0,0.0,0.0,0.0,0.0,0.0,1.0,1.0
1470,1.0,0.0,0.33333333,0.0,0.0,0.0,0.00010004,1.0,1.0
1471,0.28571429,0.0,0.0,0.0,0.28571429,0.0,0.0,0.16666667,6.0
1472,1.0,0.0,0.33333333,0.0,0.0,0.0,0.00010004,1.0,1.0
1473,0.4,0.0,0.11111111,0.0,0.4,0.0,4.004e-05,0.25,4.0
1474,0.33333333,0.0,0.16666667,0.16666667,0.5,0.0,6.675e-05,0.2,2.5
1475,0.66666667,0.0,0.33333333,0.0,0.33333333,0.0,0.00013341,0.5,1.0
1476,0.5,0.375,0.0,0.0,0.6,0.6,0.0,0.25,5.0
1477,0.66666667,0.0,0.0,0.0,0.33333333,0.0,0.0,0.5,2.0
1478,1.0,0.0,0.0,0.0,0.0,0.0,0.0,1.0,1.0
1479,1.0,0.0,0.0,0.0,0.0,0.0,0.0,1.0,1.0
1480,0.66666667,0.0,0.2,0.0,0.33333333,0.0,6.671e-05,0.5,2.0
1481,0.66666667,0.0,0.0,0.0,0.33333333,0.0,0.0,0.5,2.0
1482,1.0,0.0,0.0,0.0,0.0,0.0,0.0,1.0,1.0
1483,1.0,0.0,0.0,0.0,0.0,0.0,0.0,1.0,1.0
1484,1.0,0.0,0.5,0.5,0.0,0.0,0.00020008,1.0,0.5
1485,0.28571429,0.15789474,0.0,0.0,0.375,0.375,0.0,0.14285714,8.0
1486,0.4,0.0,0.11111111,0.0,0.4,0.0,4.004e-05,0.25,4.0
1487,0.4,0.0,0.0,0.0,0.4,0.0,0.0,0.25,4.0
1488,0.66666667,0.0,0.0,0.0,0.33333333,0.0,0.0,0.5,2.0
1489,1.0,0.0,0.0,0.0,0.0,0.0,0.0,1.0,1.0
1490,0.5,0.0,0.14285714,0.0,0.5,0.0,5.004e-05,0.33333333,3.0
1491,0.66666667,0.0,0.0,0.0,0.33333333,0.0,0.0,0.5,2.0
1492,1.0,1.0,0.0,0.0,1.0,1.0,0.0,1.0,3.0
1493,0.6,0.6,0.0,0.0,0.8,0.8,0.0,0.25,6.0
1494,1.0,0.0,0.0,0.0,0.0,0.0,0.0,1.0,1.0
1495,1.0,0.0,0.0,0.0,0.0,0.0,0.0,1.0,1.0
1496,1.0,0.0,0.33333333,0.0,0.0,0.0,0.00010004,1.0,1.0
1497,0.66666667,0.0,0.2,0.0,0.33333333,0.0,6.671e-05,0.5,2.0
1498,0.4,0.0,0.11111111,0.0,0.2,0.0,4.004e-05,0.25,4.0
1499,0.66666667,0.0,0.2,0.0,0.33333333,0.0,6.671e-05,0.5,2.0
1500,0.5,0.0,0.14285714,0.0,0.5,0.0,5.004e-05,0.33333333,3.0
1501,0.66666667,0.0,0.2,0.0,0.33333333,0.0,6.671e-05,0.5,2.0
1502,0.66666667,0.0,0.0,0.0,0.33333333,0.0,0.0,0.5,2.0
1503,0.66666667,0.0,0.0,0.0,0.33333333,0.0,0.0,0.5,2.0
1504,0.66666667,0.0,0.0,0.0,0.33333333,0.0,0.0,0.5,2.0
1505,1.0,1.0,0.0,0.0,1.0,1.0,0.0,1.0,3.0
1506,1.0,0.0,0.0,0.0,0.0,0.0,0.0,1.0,1.0
1507,1.0,0.0,0.0,0.0,0.0,0.0,0.0,1.0,1.0
1508,1.0,0.0,0.0,0.0,0.0,0.0,0.0,1.0,1.0
1509,0.4,0.0,0.0,0.0,0.4,0.0,0.0,0.25,4.0
1510,0.73333333,0.72727273,0.0,0.0,1.0,1.0,0.0,0.4,11.0
1511,0.66666667,0.0,0.2,0.0,0.33333333,0.0,6.671e-05,0.5,2.0
1512,1.0,0.0,0.0,0.0,0.0,0.0,0.0,1.0,1.0
1513,1.0,0.0,0.33333333,0.0,0.0,0.0,0.00010004,1.0,1.0
1514,0.5,0.0,0.5,0.5,0.5,0.0,0.00030024,0.33333333,0.5
1515,0.57142857,0.85714286,0.0,0.0,0.85714286,0.71428571,0.0,0.16666667,12.0
1516,1.0,0.0,0.33333333,0.0,0.0,0.0,0.00010004,1.0,1.0
1517,0.66666667,0.0,0.2,0.0,0.33333333,0.0,6.671e-05,0.5,2.0
1518,0.5,0.0,0.14285714,0.0,0.5,0.0,5.004e-05,0.33333333,3.0
1519,0.66666667,0.0,0.0,0.0,0.33333333,0.0,0.0,0.5,2.0
1520,1.0,0.0,0.0,0.0,0.0,0.0,0.0,1.0,1.0
1521,1.0,0.0,0.0,0.0,0.0,0.0,0.0,1.0,1.0
1522,0.66666667,0.0,0.2,0.0,0.33333333,0.0,6.671e-05,0.5,2.0
1523,0.5,0.0,0.0,0.0,0.5,0.0,0.0,0.33333333,3.0
1524,0.66666667,0.0,0.0,0.0,0.33333333,0.0,0.0,0.5,2.0
1525,1.0,0.0,0.0,0.0,0.0,0.0,0.0,1.0,1.0
1526,0.66666667,0.0,0.0,0.0,0.33333333,0.0,0.0,0.5,2.0
1527,0.5,0.375,0.0,0.0,0.6,0.6,0.0,0.25,5.0
1528,1.0,0.0,1.0,1.0,0.0,0.0,0.00020004,1.0,0.0
1529,0.64285714,0.76,0.0,0.0,0.875,0.875,0.0,0.14285714,18.0
1530,1.0,0.0,0.0,0.0,0.0,0.0,0.0,1.0,1.0
1531,0.5,0.0,0.14285714,0.0,0.25,0.0,5.004e-05,0.33333333,3.0
1532,0.4,0.0,0.0,0.0,0.4,0.0,0.0,0.25,4.0
1533,0.66666667,0.0,0.2,0.0,0.33333333,0.0,6.671e-05,0.5,2.0
1534,1.0,0.0,0.5,0.0,0.0,0.0,0.00020008,1.0,0.5
1535,0.66666667,0.0,0.0,0.0,0.33333333,0.0,0.0,0.5,2.0
1536,1.0,0.0,0.0,0.0,0.0,0.0,0.0,1.0,1.0
1537,1.0,0.0,0.0,0.0,0.0,0.0,0.0,1.0,1.0
1538,1.0,0.0,0.0,0.0,0.0,0.0,0.0,1.0,1.0
1539,1.0,0.0,0.0,0.0,0.0,0.0,0.0,1.0,1.0
1540,1.0,0.0,0.0,0.0,0.0,0.0,0.0,1.0,1.0
1541,0.66666667,0.0,0.0,0.0,0.33333333,0.0,0.0,0.5,2.0
1542,0.83333333,0.75,0.09090909,0.0,1.0,1.0,5.004e-05,0.66666667,5.0
1543,1.0,0.0,0.0,0.0,0.0,0.0,0.0,1.0,1.0
1544,0.66666667,0.0,0.0,0.0,0.33333333,0.0,0.0,0.5,2.0
1545,0.66666667,0.0,0.0,0.0,0.33333333,0.0,0.0,0.5,2.0
1546,1.0,0.0,0.0,0.0,0.0,0.0,0.0,1.0,1.0
1547,1.0,0.0,0.0,0.0,0.0,0.0,0.0,1.0,1.0
1548,0.66666667,0.0,0.0,0.0,0.33333333,0.0,0.0,0.5,2.0
1549,1.0,0.0,0.0,0.0,0.0,0.0,0.0,1.0,1.0
1550,1.0,0.0,0.33333333,0.0,0.0,0.0,0.00010004,1.0,1.0
1551,0.66666667,0.0,0.2,0.0,0.33333333,0.0,6.671e-05,0.5,2.0
1552,0.66666667,0.0,0.2,0.0,0.33333333,0.0,6.671e-05,0.5,2.0
1553,1.0,0.0,0.0,0.0,0.0,0.0,0.0,1.0,1.0
1554,1.0,1.0,0.0,0.0,1.0,1.0,0.0,1.0,6.0
1555,1.0,0.0,0.0,0.0,0.0,0.0,0.0,1.0,1.0
1556,0.20512821,0.2,0.03030303,0.0,0.53846154,0.46153846,1.542e-05,0.08333333,16.0
1557,0.4,0.0,0.33333333,0.0,0.4,0.0,0.00016016,0.25,1.0
1558,1.0,0.0,0.0,0.0,0.0,0.0,0.0,1.0,1.0
1559,0.66666667,0.0,0.33333333,0.0,0.33333333,0.0,0.00013341,0.5,1.0
1560,0.4,0.0,0.0,0.0,0.4,0.0,0.0,0.25,4.0
1561,1.0,1.0,0.4,0.0,1.0,1.0,0.00026683,1.0,0.75
1562,0.8,0.78947368,0.0,0.0,1.0,1.0,0.0,0.5,8.0
1563,0.5,0.0,0.0,0.0,0.5,0.0,0.0,0.33333333,3.0
1564,0.5,0.0,0.0,0.0,0.25,0.0,0.0,0.33333333,3.0
1565,1.0,0.0,0.0,0.0,0.0,0.0,0.0,1.0,1.0
1566,1.0,0.0,0.0,0.0,0.0,0.0,0.0,1.0,1.0
1567,1.0,0.0,0.0,0.0,0.0,0.0,0.0,1.0,1.0
1568,0.66666667,0.0,0.0,0.0,0.33333333,0.0,0.0,0.5,2.0
1569,1.0,0.0,0.0,0.0,0.0,0.0,0.0,1.0,1.0
1570,0.6,0.54545455,0.0,0.0,0.8,0.8,0.0,0.25,6.0
1571,1.0,0.0,0.0,0.0,0.0,0.0,0.0,1.0,1.0
1572,0.83333333,0.75,0.0,0.0,1.0,1.0,0.0,0.66666667,5.0
1573,0.66666667,0.0,0.0,0.0,0.33333333,0.0,0.0,0.5,2.0
1574,1.0,0.0,0.0,0.0,0.0,0.0,0.0,1.0,1.0
1575,1.0,0.0,0.0,0.0,0.0,0.0,0.0,1.0,1.0
1576,1.0,0.0,0.0,0.0,0.0,0.0,0.0,1.0,1.0
1577,0.53333333,0.66666667,0.11111111,0.0,0.66666667,0.66666667,6.675e-05,0.2,4.0
1578,0.66666667,0.0,0.0,0.0,0.33333333,0.0,0.0,0.5,2.0
1579,1.0,0.0,0.0,0.0,0.0,0.0,0.0,1.0,1.0
1580,0.5,0.0,0.0,0.0,0.25,0.0,0.0,0.33333333,3.0
1581,0.66666667,0.0,0.0,0.0,0.33333333,0.0,0.0,0.5,2.0
1582,1.0,0.0,0.33333333,0.0,0.0,0.0,0.00010004,1.0,1.0
1583,1.0,0.0,0.33333333,0.0,0.0,0.0,0.00010004,1.0,1.0
1584,0.66666667,0.0,0.2,0.0,0.33333333,0.0,6.671e-05,0.5,2.0
1585,0.5,0.0,0.53846154,0.5,0.5,0.0,0.00035028,0.33333333,0.42857143
1586,0.66666667,0.0,0.0,0.0,0.33333333,0.0,0.0,0.5,2.0
1587,1.0,0.0,0.0,0.0,0.0,0.0,0.0,1.0,1.0
1588,1.0,0.0,0.0,0.0,0.0,0.0,0.0,1.0,1.0
1589,0.66666667,0.0,0.0,0.0,0.33333333,0.0,0.0,0.5,2.0
1590,1.0,0.0,1.0,1.0,0.0,0.0,0.00020004,1.0,0.0
1591,0.66666667,0.6,0.0,0.0,0.75,0.75,0.0,0.33333333,4.0
1592,1.0,0.0,0.33333333,0.0,0.0,0.0,0.00010004,1.0,1.0
1593,1.0,0.0,0.0,0.0,0.0,0.0,0.0,1.0,1.0
1594,0.66666667,0.0,0.2,0.0,0.33333333,0.0,6.671e-05,0.5,2.0
1595,0.5,0.0,0.14285714,0.0,0.25,0.0,5.004e-05,0.33333333,3.0
1596,1.0,0.0,0.0,0.0,0.0,0.0,0.0,1.0,1.0
1597,0.5,0.0,0.0,0.0,0.25,0.0,0.0,0.33333333,3.0
1598,1.0,0.0,0.0,0.0,0.0,0.0,0.0,1.0,1.0
1599,0.4,0.0,0.27272727,0.0,0.6,0.0,0.00012012,0.25,1.33333333
1600,0.66666667,0.0,0.0,0.0,0.33333333,0.0,0.0,0.5,2.0
1601,0.66666667,0.0,0.0,0.0,0.33333333,0.0,0.0,0.5,2.0
1602,0.4,0.0,0.0,0.0,0.4,0.0,0.0,0.25,4.0
1603,1.0,0.0,0.0,0.0,0.0,0.0,0.0,1.0,1.0
1604,1.0,0.0,0.0,0.0,0.0,0.0,0.0,1.0,1.0
1605,0.66666667,0.0,0.0,0.0,0.33333333,0.0,0.0,0.5,2.0
1606,1.0,0.0,0.0,0.0,0.0,0.0,0.0,1.0,1.0
1607,1.0,0.0,0.0,0.0,0.0,0.0,0.0,1.0,1.0
1608,1.0,0.0,0.0,0.0,0.0,0.0,0.0,1.0,1.0
1609,1.0,0.0,0.0,0.0,0.0,0.0,0.0,1.0,1.0
1610,1.0,0.0,0.0,0.0,0.0,0.0,0.0,1.0,1.0
1611,1.0,0.0,1.0,1.0,0.0,0.0,0.00020004,1.0,0.0
1612,0.5,0.0,0.25,0.0,0.25,0.0,0.00010008,0.33333333,1.5
1613,0.33333333,0.0,0.0,0.0,0.16666667,0.0,0.0,0.2,5.0
1614,0.16483516,0.0952381,0.63414634,0.71428571,0.35714286,0.35714286,0.00074494,0.07692308,0.28846154
1615,0.09090909,0.0,0.63478261,0.5,0.09090909,0.0,0.00066657,0.04761905,0.28767123
1616,0.04349004,0.07849034,0.00155521,0.0,0.86885246,0.86885246,1.68e-06,0.00826446,321.0
1617,0.66666667,0.0,0.0,0.0,0.33333333,0.0,0.0,0.5,2.0
1618,0.66666667,0.0,0.5,0.33333333,0.33333333,0.0,0.00026683,0.5,0.5
1619,0.25,0.0,0.125,0.0,0.375,0.0,5.008e-05,0.14285714,3.5
1620,0.66666667,0.0,0.0,0.0,0.33333333,0.0,0.0,0.5,2.0
1621,1.0,0.0,0.0,0.0,0.0,0.0,0.0,1.0,1.0
1622,0.75,0.76530612,0.0,0.0,1.0,1.0,0.0,0.42857143,21.0
1623,1.0,0.0,0.0,0.0,0.0,0.0,0.0,1.0,1.0
1624,0.66666667,0.0,0.0,0.0,0.33333333,0.0,0.0,0.5,2.0
1625,1.0,0.0,0.0,0.0,0.0,0.0,0.0,1.0,1.0
1626,1.0,0.0,0.0,0.0,0.0,0.0,0.0,1.0,1.0
1627,0.66666667,0.0,0.0,0.0,0.33333333,0.0,0.0,0.5,2.0
1628,0.66666667,0.0,0.0,0.0,0.33333333,0.0,0.0,0.5,2.0
1629,1.0,0.0,0.0,0.0,0.0,0.0,0.0,1.0,1.0
1630,1.0,0.0,0.6,0.5,0.0,0.0,0.00030012,1.0,0.33333333
1631,0.6,0.54545455,0.0,0.0,0.8,0.8,0.0,0.25,6.0
1632,0.5,0.375,0.0,0.0,0.6,0.6,0.0,0.25,5.0
1633,0.66666667,0.0,0.0,0.0,0.33333333,0.0,0.0,0.5,2.0
1634,1.0,0.0,0.0,0.0,0.0,0.0,0.0,1.0,1.0
1635,0.66666667,0.0,0.2,0.0,0.33333333,0.0,6.671e-05,0.5,2.0
1636,1.0,0.0,0.0,0.0,0.0,0.0,0.0,1.0,1.0
1637,1.0,0.0,0.0,0.0,0.0,0.0,0.0,1.0,1.0
1638,1.0,0.0,0.33333333,0.0,0.0,0.0,0.00010004,1.0,1.0
1639,0.17582418,0.18,0.44827586,0.14285714,0.5,0.35714286,0.00037247,0.07692308,0.61538462
1640,0.66666667,0.0,0.0,0.0,0.33333333,0.0,0.0,0.5,2.0
1641,0.66666667,0.0,0.0,0.0,0.33333333,0.0,0.0,0.5,2.0
1642,0.66666667,0.0,0.0,0.0,0.33333333,0.0,0.0,0.5,2.0
1643,1.0,0.0,0.0,0.0,0.0,0.0,0.0,1.0,1.0
1644,1.0,0.0,0.0,0.0,0.0,0.0,0.0,1.0,1.0
1645,1.0,0.0,0.0,0.0,0.0,0.0,0.0,1.0,1.0
1646,0.5,0.0,0.0,0.0,0.25,0.0,0.0,0.33333333,3.0
1647,0.66666667,0.0,0.0,0.0,0.33333333,0.0,0.0,0.5,2.0
1648,0.5,0.0,0.0,0.0,0.25,0.0,0.0,0.33333333,3.0
1649,1.0,0.0,0.0,0.0,0.0,0.0,0.0,1.0,1.0
1650,0.66666667,0.0,0.2,0.0,0.33333333,0.0,6.671e-05,0.5,2.0
1651,0.25,0.0,0.0,0.0,0.25,0.0,0.0,0.14285714,7.0
1652,0.66666667,0.0,0.0,0.0,0.33333333,0.0,0.0,0.5,2.0
1653,1.0,0.0,1.0,1.0,0.0,0.0,0.00020004,1.0,0.0
1654,0.17948718,0.08571429,0.0,0.0,0.38461538,0.38461538,0.0,0.08333333,14.0
1655,0.28571429,0.0,0.07692308,0.0,0.42857143,0.0,2.861e-05,0.16666667,6.0
1656,1.0,0.0,0.0,0.0,0.0,0.0,0.0,1.0,1.0
1657,1.0,0.0,0.0,0.0,0.0,0.0,0.0,1.0,1.0
1658,0.66666667,0.0,0.0,0.0,0.33333333,0.0,0.0,0.5,2.0
1659,1.0,0.0,0.0,0.0,0.0,0.0,0.0,1.0,1.0
1660,0.5,0.0,0.0,0.0,0.5,0.0,0.0,0.33333333,3.0
1661,1.0,0.0,0.0,0.0,0.0,0.0,0.0,1.0,1.0
1662,1.0,0.0,0.66666667,0.5,0.0,0.0,0.00040016,1.0,0.25
1663,0.33333333,0.0,0.22222222,0.0,0.57142857,0.0,0.00011445,0.16666667,1.75
1664,1.0,0.0,0.0,0.0,0.0,0.0,0.0,1.0,1.0
1665,1.0,0.0,0.0,0.0,0.0,0.0,0.0,1.0,1.0
1666,0.66666667,0.0,0.0,0.0,0.33333333,0.0,0.0,0.5,2.0
1667,1.0,0.0,0.0,0.0,0.0,0.0,0.0,1.0,1.0
1668,1.0,0.0,0.0,0.0,0.0,0.0,0.0,1.0,1.0
1669,0.66666667,0.0,0.0,0.0,0.33333333,0.0,0.0,0.5,2.0
1670,0.66666667,0.6,0.0,0.0,0.75,0.75,0.0,0.33333333,4.0
1671,0.4,0.3,0.14285714,0.0,0.5,0.5,6.675e-05,0.2,3.0
1672,1.0,0.0,0.0,0.0,0.0,0.0,0.0,1.0,1.0
1673,0.66666667,0.0,0.0,0.0,0.33333333,0.0,0.0,0.5,2.0
1674,0.6,0.54545455,0.14285714,0.0,0.8,0.8,8.008e-05,0.25,3.0
1675,0.4,0.3,0.2,0.0,0.5,0.5,0.00010012,0.2,2.0
1676,0.66666667,0.0,0.0,0.0,0.33333333,0.0,0.0,0.5,2.0
1677,1.0,0.0,0.0,0.0,0.0,0.0,0.0,1.0,1.0
1678,1.0,0.0,0.0,0.0,0.0,0.0,0.0,1.0,1.0
1679,0.66666667,0.0,0.0,0.0,0.33333333,0.0,0.0,0.5,2.0
1680,1.0,0.0,0.0,0.0,0.0,0.0,0.0,1.0,1.0
1681,1.0,0.0,0.0,0.0,0.0,0.0,0.0,1.0,1.0
1682,0.66666667,0.0,0.0,0.0,0.33333333,0.0,0.0,0.5,2.0
1683,1.0,0.0,0.0,0.0,0.0,0.0,0.0,1.0,1.0
1684,1.0,0.0,0.0,0.0,0.0,0.0,0.0,1.0,1.0
1685,0.4,0.0,0.0,0.0,0.6,0.0,0.0,0.25,4.0
1686,1.0,0.0,0.0,0.0,0.0,0.0,0.0,1.0,1.0
1687,0.5,0.5,0.16666667,0.0,0.8,0.6,8.008e-05,0.25,2.5
1688,0.28571429,0.25,0.05882353,0.0,0.625,0.375,2.504e-05,0.14285714,8.0
1689,1.0,0.0,0.0,0.0,0.0,0.0,0.0,1.0,1.0
1690,1.0,0.0,0.0,0.0,0.0,0.0,0.0,1.0,1.0
1691,1.0,0.0,0.0,0.0,0.0,0.0,0.0,1.0,1.0
1692,1.0,0.0,0.0,0.0,0.0,0.0,0.0,1.0,1.0
1693,1.0,0.0,0.0,0.0,0.0,0.0,0.0,1.0,1.0
1694,0.66666667,0.0,0.2,0.0,0.33333333,0.0,6.671e-05,0.5,2.0
1695,0.36363636,0.68316832,0.0,0.0,0.83333333,0.66666667,0.0,0.09090909,24.0
1696,1.0,0.0,0.0,0.0,0.0,0.0,0.0,1.0,1.0
1697,0.5,0.42857143,0.0,0.0,0.6,0.6,0.0,0.25,5.0
1698,1.0,0.0,0.0,0.0,0.0,0.0,0.0,1.0,1.0
1699,1.0,0.0,0.0,0.0,0.0,0.0,0.0,1.0,1.0
1700,1.0,0.0,0.0,0.0,0.0,0.0,0.0,1.0,1.0
1701,1.0,0.0,0.0,0.0,0.0,0.0,0.0,1.0,1.0
1702,0.5,0.0,0.0,0.0,0.25,0.0,0.0,0.33333333,3.0
1703,0.66666667,0.0,0.33333333,0.33333333,0.33333333,0.0,0.00013341,0.5,1.0
1704,0.66666667,0.0,0.0,0.0,0.33333333,0.0,0.0,0.5,2.0
1705,0.66666667,0.0,0.2,0.0,0.33333333,0.0,6.671e-05,0.5,2.0
1706,0.5,0.0,0.0,0.0,0.5,0.0,0.0,0.33333333,3.0
1707,1.0,0.0,0.0,0.0,0.0,0.0,0.0,1.0,1.0
1708,1.0,0.0,0.0,0.0,0.0,0.0,0.0,1.0,1.0
1709,1.0,0.0,0.0,0.0,0.0,0.0,0.0,1.0,1.0
1710,0.4,0.0,0.0,0.0,0.2,0.0,0.0,0.25,4.0
1711,0.66666667,0.0,0.5,0.33333333,0.33333333,0.0,0.00026683,0.5,0.5
1712,0.33333333,0.0,0.09090909,0.0,0.33333333,0.0,3.337e-05,0.2,5.0
1713,1.0,0.0,0.0,0.0,0.0,0.0,0.0,1.0,1.0
1714,1.0,0.0,0.0,0.0,0.0,0.0,0.0,1.0,1.0
1715,1.0,0.0,0.0,0.0,0.0,0.0,0.0,1.0,1.0
1716,0.28571429,0.0,0.0,0.0,0.625,0.0,0.0,0.14285714,8.0
1717,1.0,0.0,0.0,0.0,0.0,0.0,0.0,1.0,1.0
1718,1.0,0.0,0.0,0.0,0.0,0.0,0.0,1.0,1.0
1719,1.0,0.0,0.0,0.0,0.0,0.0,0.0,1.0,1.0
1720,1.0,0.0,0.0,0.0,0.0,0.0,0.0,1.0,1.0
1721,0.66666667,0.0,0.0,0.0,0.33333333,0.0,0.0,0.5,2.0
1722,1.0,0.0,0.0,0.0,0.0,0.0,0.0,1.0,1.0
1723,1.0,0.0,0.0,0.0,0.0,0.0,0.0,1.0,1.0
1724,0.33333333,0.0,0.0,0.0,0.33333333,0.0,0.0,0.2,5.0
1725,1.0,0.0,0.0,0.0,0.0,0.0,0.0,1.0,1.0
1726,0.5,0.0,0.14285714,0.0,0.25,0.0,5.004e-05,0.33333333,3.0
1727,1.0,0.0,0.0,0.0,0.0,0.0,0.0,1.0,1.0
1728,0.5,0.0,0.0,0.0,0.25,0.0,0.0,0.33333333,3.0
1729,0.4,0.3,0.0,0.0,0.5,0.5,0.0,0.2,6.0
1730,1.0,0.0,0.0,0.0,0.0,0.0,0.0,1.0,1.0
1731,0.66666667,0.0,0.0,0.0,0.33333333,0.0,0.0,0.5,2.0
1732,1.0,0.0,0.0,0.0,0.0,0.0,0.0,1.0,1.0
1733,1.0,1.0,0.4,0.0,1.0,1.0,0.00026683,1.0,0.75
1734,0.7,0.64285714,0.06666667,0.0,1.0,1.0,4.004e-05,0.5,7.0
1735,0.66666667,0.0,0.33333333,0.33333333,0.33333333,0.0,0.00013341,0.5,1.0
1736,1.0,0.0,0.0,0.0,0.0,0.0,0.0,1.0,1.0
1737,1.0,0.0,0.0,0.0,0.0,0.0,0.0,1.0,1.0
1738,1.0,0.0,0.0,0.0,0.0,0.0,0.0,1.0,1.0
1739,1.0,0.0,0.0,0.0,0.0,0.0,0.0,1.0,1.0
1740,0.66666667,0.0,0.0,0.0,0.33333333,0.0,0.0,0.5,2.0
1741,1.0,0.0,0.0,0.0,0.0,0.0,0.0,1.0,1.0
1742,1.0,1.0,0.0,0.0,1.0,1.0,0.0,1.0,3.0
1743,1.0,0.0,0.0,0.0,0.0,0.0,0.0,1.0,1.0
1744,1.0,0.0,0.0,0.0,0.0,0.0,0.0,1.0,1.0
1745,1.0,1.0,0.0,0.0,1.0,1.0,0.0,1.0,3.0
1746,1.0,0.0,0.33333333,0.0,0.0,0.0,0.00010004,1.0,1.0
1747,0.17142857,0.15789474,0.02702703,0.0,0.66666667,0.33333333,1.337e-05,0.07142857,18.0
1748,1.0,0.0,0.0,0.0,0.0,0.0,0.0,1.0,1.0
1749,0.66666667,0.0,0.0,0.0,0.33333333,0.0,0.0,0.5,2.0
1750,0.5,0.0,0.0,0.0,0.25,0.0,0.0,0.33333333,3.0
1751,0.66666667,0.0,0.0,0.0,0.33333333,0.0,0.0,0.5,2.0
1752,1.0,0.0,0.0,0.0,0.0,0.0,0.0,1.0,1.0
1753,1.0,0.0,0.0,0.0,0.0,0.0,0.0,1.0,1.0
1754,1.0,0.0,0.0,0.0,0.0,0.0,0.0,1.0,1.0
1755,0.66666667,0.0,0.0,0.0,0.33333333,0.0,0.0,0.5,2.0
1756,1.0,0.0,0.0,0.0,0.0,0.0,0.0,1.0,1.0
1757,0.4,0.0,0.0,0.0,0.4,0.0,0.0,0.25,4.0
1758,1.0,1.0,0.0,0.0,1.0,1.0,0.0,1.0,3.0
1759,0.5,0.0,0.14285714,0.0,0.5,0.0,5.004e-05,0.33333333,3.0
1760,1.0,1.0,0.0,0.0,1.0,1.0,0.0,1.0,3.0
1761,0.66666667,0.6,0.0,0.0,0.75,0.75,0.0,0.33333333,4.0
1762,1.0,0.0,0.66666667,0.5,0.0,0.0,0.00040016,1.0,0.25
1763,1.0,0.0,0.0,0.0,0.0,0.0,0.0,1.0,1.0
1764,1.0,0.0,0.0,0.0,0.0,0.0,0.0,1.0,1.0
1765,1.0,0.0,0.0,0.0,0.0,0.0,0.0,1.0,1.0
1766,0.66666667,0.0,0.0,0.0,0.33333333,0.0,0.0,0.5,2.0
1767,1.0,0.0,1.0,1.0,0.0,0.0,0.00020004,1.0,0.0
1768,0.28571429,0.15789474,0.05882353,0.0,0.375,0.375,2.504e-05,0.14285714,8.0
1769,0.5,0.0,0.25,0.0,0.25,0.0,0.00010008,0.33333333,1.5
1770,0.4,0.0,0.27272727,0.2,0.4,0.0,0.00012012,0.25,1.33333333
1771,0.4,0.0,0.27272727,0.0,0.6,0.0,0.00012012,0.25,1.33333333
1772,1.0,0.0,0.33333333,0.0,0.0,0.0,0.00010004,1.0,1.0
1773,0.5,0.0,0.0,0.0,0.5,0.0,0.0,0.33333333,3.0
1774,1.0,0.0,0.33333333,0.0,0.0,0.0,0.00010004,1.0,1.0
1775,0.25,0.0,0.0,0.0,0.25,0.0,0.0,0.14285714,7.0
1776,0.28571429,0.0,0.07692308,0.0,0.28571429,0.0,2.861e-05,0.16666667,6.0
1777,1.0,0.0,0.0,0.0,0.0,0.0,0.0,1.0,1.0
1778,1.0,0.0,0.0,0.0,0.0,0.0,0.0,1.0,1.0
1779,1.0,0.0,0.0,0.0,0.0,0.0,0.0,1.0,1.0
1780,1.0,0.0,0.0,0.0,0.0,0.0,0.0,1.0,1.0
1781,1.0,0.0,0.0,0.0,0.0,0.0,0.0,1.0,1.0
1782,0.66666667,0.0,0.0,0.0,0.33333333,0.0,0.0,0.5,2.0
1783,1.0,0.0,0.0,0.0,0.0,0.0,0.0,1.0,1.0
1784,0.66666667,0.0,0.0,0.0,0.33333333,0.0,0.0,0.5,2.0
1785,1.0,0.0,0.0,0.0,0.0,0.0,0.0,1.0,1.0
1786,0.66666667,0.0,0.0,0.0,0.33333333,0.0,0.0,0.5,2.0
1787,0.66666667,0.0,0.2,0.0,0.33333333,0.0,6.671e-05,0.5,2.0
1788,0.28571429,0.0,0.2,0.14285714,0.42857143,0.0,8.583e-05,0.16666667,2.0
1789,1.0,0.0,0.33333333,0.0,0.0,0.0,0.00010004,1.0,1.0
1790,0.33333333,0.0,0.09090909,0.0,0.5,0.0,3.337e-05,0.2,5.0
1791,1.0,0.0,0.0,0.0,0.0,0.0,0.0,1.0,1.0
1792,1.0,0.0,0.0,0.0,0.0,0.0,0.0,1.0,1.0
1793,1.0,0.0,0.0,0.0,0.0,0.0,0.0,1.0,1.0
1794,1.0,0.0,0.0,0.0,0.0,0.0,0.0,1.0,1.0
1795,1.0,0.0,0.0,0.0,0.0,0.0,0.0,1.0,1.0
1796,1.0,0.0,0.0,0.0,0.0,0.0,0.0,1.0,1.0
1797,1.0,0.0,0.0,0.0,0.0,0.0,0.0,1.0,1.0
1798,1.0,0.0,1.0,1.0,0.0,0.0,0.00020004,1.0,0.0
1799,0.28571429,0.0,0.0,0.0,0.42857143,0.0,0.0,0.16666667,6.0
1800,0.66666667,0.0,0.0,0.0,0.33333333,0.0,0.0,0.5,2.0
1801,1.0,0.0,0.0,0.0,0.0,0.0,0.0,1.0,1.0
1802,1.0,0.0,0.0,0.0,0.0,0.0,0.0,1.0,1.0
1803,1.0,0.0,0.0,0.0,0.0,0.0,0.0,1.0,1.0
1804,0.66666667,0.0,0.2,0.0,0.33333333,0.0,6.671e-05,0.5,2.0
1805,0.5,0.0,0.14285714,0.0,0.5,0.0,5.004e-05,0.33333333,3.0
1806,0.4,0.0,0.0,0.0,0.6,0.0,0.0,0.25,4.0
1807,1.0,0.0,0.0,0.0,0.0,0.0,0.0,1.0,1.0
1808,0.80952381,0.81428571,0.0,0.0,1.0,1.0,0.0,0.5,17.0
1809,1.0,0.0,0.0,0.0,0.0,0.0,0.0,1.0,1.0
1810,0.66666667,0.6,0.0,0.0,0.75,0.75,0.0,0.33333333,4.0
1811,1.0,0.0,0.0,0.0,0.0,0.0,0.0,1.0,1.0
1812,0.66666667,0.0,0.0,0.0,0.33333333,0.0,0.0,0.5,2.0
1813,1.0,0.0,0.0,0.0,0.0,0.0,0.0,1.0,1.0
1814,0.66666667,0.0,0.0,0.0,0.33333333,0.0,0.0,0.5,2.0
1815,1.0,0.0,0.0,0.0,0.0,0.0,0.0,1.0,1.0
1816,0.66666667,0.0,0.2,0.0,0.33333333,0.0,6.671e-05,0.5,2.0
1817,0.66666667,0.0,0.55555556,0.33333333,0.33333333,0.0,0.00033353,0.5,0.4
1818,0.5,0.42857143,0.28571429,0.0,0.6,0.6,0.00016016,0.25,1.25
1819,0.21794872,0.23684211,0.08108108,0.0,0.46153846,0.46153846,4.627e-05,0.08333333,5.66666667
1820,1.0,0.0,0.0,0.0,0.0,0.0,0.0,1.0,1.0
1821,1.0,0.0,0.0,0.0,0.0,0.0,0.0,1.0,1.0
1822,0.5,0.0,0.0,0.0,0.5,0.0,0.0,0.33333333,3.0
1823,1.0,0.0,0.33333333,0.0,0.0,0.0,0.00010004,1.0,1.0
1824,1.0,0.0,0.0,0.0,0.0,0.0,0.0,1.0,1.0
1825,1.0,0.0,0.0,0.0,0.0,0.0,0.0,1.0,1.0
1826,1.0,0.0,1.0,1.0,0.0,0.0,0.00020004,1.0,0.0
1827,1.0,0.0,1.0,1.0,0.0,0.0,0.00020004,1.0,0.0
1828,0.25,0.0,0.0,0.0,0.125,0.0,0.0,0.14285714,7.0
1829,1.0,0.0,0.0,0.0,0.0,0.0,0.0,1.0,1.0
1830,1.0,0.0,0.0,0.0,0.0,0.0,0.0,1.0,1.0
1831,1.0,0.0,0.33333333,0.0,0.0,0.0,0.00010004,1.0,1.0
1832,0.5,0.0,0.25,0.25,0.5,0.0,0.00010008,0.33333333,1.5
1833,0.66666667,0.0,0.0,0.0,0.33333333,0.0,0.0,0.5,2.0
1834,0.5,0.0,0.0,0.0,0.25,0.0,0.0,0.33333333,3.0
1835,1.0,0.0,0.0,0.0,0.0,0.0,0.0,1.0,1.0
1836,1.0,0.0,0.0,0.0,0.0,0.0,0.0,1.0,1.0
1837,1.0,0.0,0.0,0.0,0.0,0.0,0.0,1.0,1.0
1838,1.0,0.0,0.0,0.0,0.0,0.0,0.0,1.0,1.0
1839,1.0,0.0,0.0,0.0,0.0,0.0,0.0,1.0,1.0
1840,1.0,0.0,0.0,0.0,0.0,0.0,0.0,1.0,1.0
1841,1.0,0.0,0.0,0.0,0.0,0.0,0.0,1.0,1.0
1842,1.0,0.0,0.0,0.0,0.0,0.0,0.0,1.0,1.0
1843,1.0,0.0,0.0,0.0,0.0,0.0,0.0,1.0,1.0
1844,0.41666667,0.6,0.0,0.0,0.66666667,0.66666667,0.0,0.125,15.0
1845,1.0,0.0,1.0,1.0,0.0,0.0,0.00020004,1.0,0.0
1846,0.33333333,0.17647059,0.06666667,0.0,0.42857143,0.42857143,2.861e-05,0.16666667,7.0
1847,0.25,0.1,0.14285714,0.0,0.33333333,0.33333333,6.679e-05,0.125,3.0
1848,0.1969697,0.10169492,0.0,0.0,0.41666667,0.41666667,0.0,0.09090909,13.0
1849,1.0,0.0,0.0,0.0,0.0,0.0,0.0,1.0,1.0
1850,0.5,0.0,0.0,0.0,0.25,0.0,0.0,0.33333333,3.0
1851,1.0,0.0,0.33333333,0.0,0.0,0.0,0.00010004,1.0,1.0
1852,0.66666667,0.0,0.0,0.0,0.33333333,0.0,0.0,0.5,2.0
1853,0.66666667,0.0,0.0,0.0,0.33333333,0.0,0.0,0.5,2.0
1854,1.0,0.0,0.0,0.0,0.0,0.0,0.0,1.0,1.0
1855,0.57142857,0.78947368,0.0,0.0,0.71428571,0.71428571,0.0,0.16666667,12.0
1856,0.38095238,0.31578947,0.0,0.0,0.71428571,0.71428571,0.0,0.16666667,8.0
1857,0.4,0.25,0.14285714,0.0,0.5,0.5,6.675e-05,0.2,3.0
1858,1.0,0.0,0.0,0.0,0.0,0.0,0.0,1.0,1.0
1859,1.0,0.0,0.0,0.0,0.0,0.0,0.0,1.0,1.0
1860,1.0,0.0,0.0,0.0,0.0,0.0,0.0,1.0,1.0
1861,1.0,0.0,0.0,0.0,0.0,0.0,0.0,1.0,1.0
1862,0.47619048,0.4137931,0.0,0.0,0.85714286,0.85714286,0.0,0.16666667,10.0
