productId,reviews
B007FQDPL8,917
B001FD5KJM,871
B001C08RHA,871
B00005JPS8,871
B001I1NGHY,871
B001KZG99A,871
B001GAPC1K,871
B001FZ9AAU,870
B004JMSIRC,870
B001HUHBE0,870
B000W4B0Z8,864
B008UBYTRG,864
B000W494SI,864
B001DWNUE2,864
B000S6LS66,864
B000H7I6CU,841
B000ENV5WK,838
B002LW9ITY,838
7883685635,838
B004I654WQ,838
B000V1Y43W,838
B00005JNS0,838
B000H5U832,838
B005ZMUQCK,838
B004OBQDJ8,838
B0049J3QF4,838
B000E5LEXS,828
B000NPNDFQ,828
B000S5KGH4,828
B001KEGR8Y,818
B001684L0A,816
B001FZ9AAK,803
B001HUHBDQ,803
B001IA2PTK,803
B001DTPZNY,803
B001E75QGG,803
B00005JPO1,803
B000ARIS52,800
B000BCKFWK,800
B000ML11RI,800
B000ML18KS,800
B000ML0YTE,800
B0065AVS0K,800
B0009PBNFW,800
B0065AVWGU,800
B000BU0B6W,800
B004AH59TG,800
B001R4KQDE,800
B004SIP9Z6,800
B000ML4VKC,800
B004SIPA4G,800
B004SIPA0A,800
B000A1C68S,800
B00005JNTX,800
B0009VCSXW,800
B001D2WUAC,797
B0032CNOK6,797
B000NGTJTY,797
B005GHP32W,797
B000M341QE,797
B000M341QO,797
B000V7O0GM,797
B0090XJJT6,797
B0010DRYSC,797
B0010DRYS2,797
B002VWOMLI,797
B0083SI9AY,797
B000NHPCS0,797
B004L9GLKE,797
B000M5AJQI,797
B000M5AJQ8,797
B000M5AJQS,797
B001BYLFFS,797
B0012GE91W,784
B004P9FAJS,784
B004P9FAKW,784
B0024NSG48,784
B004OOJ1Y4,784
B000W7F5SS,784
B004GJYRAK,784
B000W7GFG4,784
B000W7GKWI,784
B00005JPI2,784
B0010SQYE2,784
B001MBUGLY,776
B006H8JJXS,774
B00449H5UQ,774
B001MP44K4,774
B001G2MB2G,774
B001QIVEV4,774
B001QIVEUK,774
B004SIP90G,774
B004SIP910,774
B004SIP8ZW,774
B004SIP8ZM,774
B006H90TLI,774
B0011BE3K0,774
B00118T63C,774
B002LBKDYE,771
B002VRZEYM,771
B0027BOL4G,771
B002UZ5CHO,771
B0016RDEH2,757
B0090XHWVS,756
B000HVHM5S,756
B000I2JKFG,756
B000I186FW,756
B001TK80AW,756
B000FS9FCG,756
B000FS9FCQ,756
B000FS9FC6,756
B000UYBP0K,755
B000WSLCAC,755
B003Y1D7UC,755
B002VWOMT0,755
B003XC1OP2,755
B000QVFMUQ,755
B004AFQZFA,755
B00005JPA6,755
B001K2KM8M,755
B000O76ZQC,755
B0024NSG52,754
B001K2KM8W,754
B000WSLAUO,746
B0017XD3OY,742
B0013FFMOK,742
B0014CDKVY,742
B003PAXONC,742
B003PAXOO6,742
B00005JPTK,742
B004L9GLZO,742
B0013FBTHO,742
B0013FBS20,742
B0013FDM7E,742
B0024NSG4I,739
B0018HC3QS,739
B001G7SS96,739
B001FS4ZBG,739
B002Q9VPFM,732
B0028R765A,732
B002EDH0FE,732
B002BNKQDK,732
B001VNWB5W,732
B0093ICOE0,732
B002KEDQJQ,732
B0029NY9Y4,732
B0029NY9YO,732
B004L9GM7Q,732
B001TJV0M8,732
B001TJV0L4,732
B001QTXM5Y,732
B002E4XQOW,728
B0068FZ0ZG,728
B0068FZ1AU,728
B004ZJZPZC,728
B001GKJ2FW,728
B001GKJ2FM,728
B001GKJ2DY,728
B001GKJ2DO,728
B001N4RORE,728
B001OIXU0O,728
B002IW8V0E,728
B001NKI60W,728
B001NZUGG4,728
B002LMOCDQ,728
B001OHS8BQ,724
B001KEHAFI,724
B001HN68ZU,724
B000VFH5Z2,721
B000VBJEEG,721
B000VBJEFK,721
7883704540,721
B004UFEJS0,721
B004WX8HFG,717
B004WO6BPS,717
B0064ORVCQ,717
B004WO774M,717
B004WQ1LLA,717
B006FXJVHY,717
B008UZ7MUI,717
B006AM4UUS,717
B004MPEFBE,717
B001UV4XI8,717
B004WMKSH2,717
B004OBQDH0,717
B001BN4WN6,715
B0018QCXGY,715
B001AOKA3W,715
B0014Z4OQG,715
B0016HMYEQ,715
B00867GKIK,710
B004UFEJVW,710
B000JVT09C,702
B001F3FUK6,702
B0028OA3EY,702
B0028OA3EO,702
B000LB4DWO,702
B000V7O0H6,702
B001OMJGD0,702
B000J10KTQ,702
B000J10ERO,702
B000J10ER4,702
B000J10EQU,701
B000A468Y8,700
B000Q7ZO8U,700
B002NZTZ8S,700
B000AM6MKU,700
B000AGTPUK,700
B000AGTPUU,700
B000AGTPUA,700
B0009XRZ9M,700
B001F12J3Y,700
B001F12J48,700
B000I2JKCO,700
B00447G29S,700
B0011TNVLY,700
B00308WOJY,693
B004P9FAK2,693
B004P9FAL6,693
B004WO8MF0,693
B000ZELISO,693
B004GJYR7S,693
B002PMV9K6,693
B002PMV9FG,693
B002RVCD46,693
B002RVCD6O,693
B00308TGGS,693
B0030VWR8Y,693
B000ZECQ08,693
B001QWEE4E,690
B0068FZ0YM,690
B0068FZ15K,690
B000ENC67S,690
B000JSI7AI,690
B000ICXQS8,690
B000K7VHSM,690
B008PZZND6,690
B000I9TXK6,690
B000XSF5JA,690
B00005JOFQ,690
B000EGF0B4,690
B0009PW4D2,687
B004YPED14,686
B0011UBDTK,669
B003Z8ZCG6,669
B004G600A4,664
B004G6009U,664
B004G6009K,664
7799128836,664
B004QKNXIQ,664
B005ZMUXDC,664
B001YYQ9SS,641
B000K4WLXA,641
B000AMJG4Y,641
B000BBOUCW,641
B00139YA4O,635
B00005JNOG,635
B00362DYMA,634
B00362FO0K,634
B00362HF02,634
B00362J7LM,634
B003629IPW,634
B002TYZKIM,634
B002VL2PTU,634
B002UD56HW,634
B002UD56I6,634
B000KLQUS0,629
B0010IF6NC,629
B002EYLOE6,629
B000N2KM4O,629
B0009MDPYW,625
B0009MDPYM,625
B0009MDPYC,625
B000AJJNFE,625
B000ENC6XM,625
B000Q7ZND6,625
B002PXJRR2,625
B0009KA7BS,625
B0090XPGVG,625
B001EBWITA,625
B000BZISP8,625
B001EBYMAI,625
B00186FZNC,625
B001O22ELQ,618
B001M5UDGS,618
B001YB29HG,618
B0025KW29U,618
B004Q9TCU0,614
7883686984,614
B004DTLK7G,614
B000O14O8O,609
B001EBLX5K,609
B000P4ME14,609
B000MMMT9Q,609
B000MMMT9G,609
B000MMMTAK,609
B0012U34LO,609
B002M4CEZG,609
B001IBIHQ4,606
B001VNB54A,604
B0042AGN82,597
B000I2J2WC,597
B000I2J2XG,597
B00005JOC9,597
B000I2KJR4,597
B002TM55UC,594
B0055V2J5S,594
B002IPFWTE,594
B0055X0DJ0,594
B000N6UERU,593
B000I0RQVI,593
B00005JP0F,593
B000KKQNRO,591
B004IF4PNQ,588
B005ZMUP8K,588
B008DL4JVO,584
B000EBIP1G,584
B000EBIP16,584
B001F2HZHI,584
B003UMW63Y,584
B000HC2LVW,584
B000HC2LVM,584
B00005JO1X,584
B000E5OO76,584
B000E5OO6W,584
7883704141,584
B000E8M0VA,584
B000E8M0WO,584
B000E8M0WE,584
B000B8X2W4,582
B003BZXI8M,582
B000FFL2RA,581
B000AM6MM8,581
B000AM6MMI,581
B000SW16NU,581
B000A896J8,581
B000EHSVQ4,581
B000SW2F6M,581
B000AARKO4,581
B000AARKOO,581
B000AARKOY,581
B000B8X346,581
B001C71IFG,579
B00068S41I,579
B00068S41S,579
B0036JQ7S6,579
B001HZK8FO,579
B001HZK8FY,579
B004C2L6LY,579
B0006Z2KIY,579
B009LFVV6M,579
B000683VI4,579
B001675YZ2,579
B000YMFCS4,579
B003B1X80Y,579
B002QZ1RS6,578
B005MQWJPG,572
B000AM6MMS,572
B002ZG97YM,572
B002ZG97Z6,572
B0047Q8Y0G,572
B003TO62G0,572
B000ICLRIE,571
B000YMM3CC,569
B000Q6GUW0,567
B001HPP2X2,567
B000QDLSR0,562
B000QTD5TS,562
B000AYEL6U,561
B0039UTDA6,558
B0039UTDFG,558
B002UXRGM0,558
B002UXRGLG,558
B000NQQ4ME,557
B000NOKFHQ,557
B005GSVFAK,556
B004RKXW0E,556
B00275EHJQ,556
B00275EHJG,556
B003ZHR6SY,556
B003XKPPOU,556
B004C3DLJS,556
B0042DN4NQ,556
B005ZMUTZ4,556
B002G1K82Q,555
B0011FL7FA,555
B0016BP0PW,555
B000ZLFALI,555
B000ZLFALS,555
B001S6PMY4,555
B000ZBEOF6,555
B001JNNDCY,554
B000JLTRCC,554
B000JLTRC2,554
B0007TKOA0,554
B0007TKOAA,554
B0007TKOAK,554
B000I9X6NQ,554
B000I9YWWU,554
B002VECM72,551
B002VECM6S,551
B0048EANPQ,551
B003V3FVKC,551
B003V3FTQS,551
B0036BK6MW,551
B0036BP6XQ,551
B00092ZMDY,550
B000J103WK,550
7799125187,546
B00466HN7M,545
B0087ZG7VG,545
B0087ZG7KM,545
B005CHTXY0,545
B0056IXS7S,545
B001NFNFMQ,545
B0035KMSQQ,540
B003DBIQQ8,540
B000JFDBXO,540
B003DBKQR0,540
B000JCK3ZG,540
B0034ZTVO4,540
B000HCO84U,540
B000HCO83Q,540
B000HCO840,540
B000HCO83G,540
B003ZK99NQ,540
B001PPGAK8,540
B0035KD67G,540
B003DL6T4E,540
B003EE28IQ,540
B003DBUEJ0,540
B003DBUEI6,540
B003DBCRXQ,540
B003DBCXF8,540
B000KC86F4,540
B004SEUJ0K,540
B003DBEX6K,540
B001EJTO4E,540
B003BZXHVK,540
B003BZXIEG,540
B001BYLFE4,540
B00147AJA4,540
B0030VGY5G,538
B002Q4VBPQ,538
B003VQZ5BO,538
B003VQZ4OW,538
B00311G2DY,538
B002U5Y96O,538
B002RVCCUQ,538
B001UV4XEW,538
B002RV72M4,538
B001DPHDIS,536
B001DPHDI8,536
B001DPHDJ2,536
B002GY6N7W,536
B006RCMRVK,536
B0024NSG4S,534
B000MQ54OY,534
B000MQ54OO,534
B000MV9026,534
B000QI2ZWW,534
B000OWAFPE,534
B001UV4XEM,534
B000K7VHQE,533
B001JNNDDI,533
B000M2SM92,533
B001CCIS18,533
B002KGREJW,533
B000MR1V22,533
B000UPGQIK,532
B000MGB6NM,532
B001PVE6QM,532
B0009PLLO0,532
B0009PLLNQ,532
B0009PLLN6,532
B006RCMGQG,532
B000EWBKN0,532
B000EWBKNA,532
B001PVHUIS,532
B0024NSG3O,531
B0009PRU6S,531
B000GOVLNK,531
B000W72D1K,531
B000E1MTYK,531
B004GJYR9G,531
B000HKY9W8,531
B000OUZBSW,531
B003EYVY0Y,531
B000E6EK3S,531
B000E6EK3I,531
B000E6EK2Y,531
B000E6EK38,531
B00005JPCF,526
B004Q9TCTG,524
B004DTLK80,524
7883703331,524
B000TJBNHQ,522
B0042MEQVG,520
B004F9JJH2,520
B004FPTOPS,520
B0045XICB2,520
B004F77SHC,520
B0045XKJBI,520
B001UV4XFQ,520
B001UV4XFG,520
B004F7MLBU,520
B0042MDAL8,520
B003HARV4S,517
B000K7VHPU,517
B000K7VHQ4,517
B00153ZRHM,517
B004K9LLIC,515
B005ZMV3KE,515
B0006989TE,513
B00064LJVE,513
B00064LJVY,513
B00064LJVO,513
5559375241,513
B00064VQWQ,511
B00064VQX0,511
B0007TKGZI,511
B0007TKH98,511
B0007TKH02,511
B000063W82,507
B0010YSD7M,507
B0014ERKO0,507
B00005JKTY,507
B0017M413M,507
B000E8QVWY,505
B001FQMOCA,505
B000KGGIQO,505
B000KGGIQY,505
B00005JO1R,505
B002WN8IQQ,505
B001FQFFMG,505
B000E8N690,505
B002EDH5W2,502
B00463GPHY,502
B0041D857C,502
B001NFNFN0,502
B004FHP7ES,502
B003PIUC02,500
B003PIUBZS,500
B0026127Y8,500
B0053H3XOA,500
B002436WJE,499
B002BI6SMI,499
B0026KWMKI,499
B0026145WK,499
B0068FYZ3Y,498
B0068FZ0CY,498
B006D9UW00,498
B006D9UX7W,498
B005WGNKSG,498
B003TTWJJO,498
B0041HBE4Y,498
B002YCVX5S,498
B003FBNJ4U,498
B004CZLW9C,498
B003T6LIBM,498
B0054OGQS2,498
B003TTR638,498
B002T9H2L0,498
B002T9H2LK,498
B002T9H2LA,498
B003UESJHE,496
B003UESJH4,496
B004R36QUE,496
B006TTC5QS,493
B006TTC57C,493
B0046B8GEQ,493
B0042U94UQ,493
B002ZG97E2,493
B0009WPM1Q,493
B001QE99AQ,493
B0046B1KHG,493
B00258SS72,486
B002BCNK1Q,486
B00275EGWY,486
B003ASLJO0,486
B0030MKGKY,486
B0030MM68O,486
B0083SI986,486
B002MV2XQE,486
B0020MKTOS,486
B001KVZ6ES,486
B00316SRGY,486
B004NEY9EW,482
B009A87Z6U,482
B001PPLIEQ,482
B001PPLIEG,482
B001PPLIFU,482
B0020MR8ZG,482
B001VIMCW4,482
B002DWW1CI,482
B003HC8ITI,478
B0060D10I2,478
B003QTUQGU,478
B0043EV774,478
B000ARSJVU,478
B0006IO778,478
7799122803,478
B0046XG48O,478
B003E48AYC,478
B004KPLVYU,478
B001HN6940,478
B001HN694K,478
B001YV502C,477
B000N6TX1I,477
B000N6TX22,477
B000N6TX1S,477
B000OW8DW6,477
B001NW7WEG,477
B000QGAU4E,477
B0024R1RAY,476
B001MFNB5I,474
B003PTP4Y0,474
B001UG2UCE,474
B008WHCKC4,474
B001RU04JO,474
B001OQCV2O,472
B001OQCV2E,472
B0032KNA4I,472
B0035G0U2O,472
B003AOPYTK,472
B003188AIM,472
B0009JZV60,470
B003ASLJQI,470
B000JUB7LM,470
B003V3FUCQ,470
B000E5KJCU,470
B002VWOMK4,470
B001EC2IYE,470
B00005JNP1,470
B0007MAPTW,470
B000US4C5G,470
B001EBWIRM,470
B0009JVUHY,470
B0026JI1SG,470
B0009OGEIE,470
B002PJF6BC,469
B000F8DBDK,469
B000MX7V4I,469
B000MX7V3Y,469
B000LPQ6DE,468
B0044AFHXC,465
555396539X,465
B000UR9T8C,465
B001MYIXAW,465
B001MYIXAC,465
B00004RQCV,465
B00267N3DQ,465
B000057833,465
6303123236,465
B001V7SME2,465
B00008T2Q4,465
B0026ICMLY,465
B0026ICMLO,465
B000UUNOQW,465
B00005JPFH,465
6303389430,465
B001AQT11M,465
B00005LDBJ,465
B00003CXCQ,465
B00005NI82,465
B00005NNT7,465
B00005NVFN,465
B00005NYY2,465
B001V7YJMG,465
6303477259,464
B0007QS1VW,464
B000BTC5LW,464
B002J2PB10,462
B002J2WGLI,462
B001F0TM5I,462
B000R7HY0K,462
B000U9X1UM,462
B004ASK9J0,458
B0042AGNCS,458
B001R2NPRA,458
B000AP04OM,458
B00005AA0L,458
630314599X,458
B000050GAU,458
B0001WHYEC,458
B000WDQV8A,458
B007L4HET8,458
6304124988,458
B00005BKXU,458
B0044XRIMW,458
B000UU4NE4,458
B000UR9T7I,458
B003VS0CWY,458
B003VS0CX8,458
B0069GZUKY,458
5553627788,458
B00000AA6C,458
6305036365,458
B000067J1P,458
B000067JG3,458
B000067JG4,458
B00009V7OI,458
B00004RNRS,458
B0006213XA,458
B000056YPR,458
B00008T5OK,458
B00004U2HK,458
B001JNNE1O,458
5559395145,458
B00004CK1U,458
B000TCSWA4,458
B000CQLZ0Q,458
B00008F43H,458
B004BA80IO,458
B00003CXCS,458
B000URDCC6,458
B001R2K5UA,458
6304117752,458
B004AW64CM,458
B000E1126G,458
B0068FZ196,457
B0068FZ13W,457
B000BLKJ5E,457
B00130UFY2,457
B002ZHKZD8,457
B002UJ2YCG,457
B000VWYJ8Q,457
B000VWYJ8G,457
B000VWYJ86,457
B000Y96EWK,457
B000227EMI,457
B0088Y6C0W,454
0972179518,454
0972179526,454
B0006Z2NJU,454
B0006H4DEG,454
B000096QVL,454
B0006J021C,454
6302142296,452
B0036KXKZ8,452
B000V7O0IU,452
B00004RR4D,452
B00005JPAR,452
B004TNKKY0,452
B003U6SJUY,452
B0054OGQOQ,452
B0054OGQM8,452
B000O7667K,452
B000QTBDLA,452
B000RZAENG,452
B000O77R6O,452
B00198X0UO,452
B004U4A9A8,452
B00006AL1E,452
B00006AL1D,452
B00006AL1C,452
B000OCY7VC,452
B005I64U5C,451
B005I64U34,451
B005VQE2LQ,451
B004EPZ07K,451
B004EPZ07U,451
B001OKKRVM,450
B000LC55F2,450
B000BYMI5K,450
B000BYMI5U,450
B0014C3KSM,450
B002VWOMR2,450
B0060DYMT6,450
B000BI5KV0,450
B000BI5KVA,450
B000BHZ2BO,450
B000N3SSAI,450
B000N3SSA8,450
B000L212HC,450
B003QS9WIE,450
B002SJIO54,448
B002SJIO5E,448
B002SJIO5O,448
B002SJIO4A,448
B0033BISWK,448
B002WTOXUK,448
B000UNYJXQ,447
B003008RWA,447
B00300EI3W,447
B000MM0HTA,446
B000JSI7BM,446
B0002Y69NQ,446
B0002Y69NG,446
B001MP43GY,446
B002LII6KA,446
B000OPPBEQ,446
B001DJLD1M,446
B000MKD9P6,446
B000LX00RY,446
B000J103OI,446
B000J103PC,446
B0055EAJ7A,445
B005H9B44A,445
B000BB1MI2,444
B000BB1MHS,444
B002NZV68U,444
B000BITVGK,444
B000E5KJHA,444
B000BB96LM,444
B000BB96M6,444
B000BB96LW,444
B000BB96MG,444
B000B7QAHO,444
B005DZ35RC,444
B000CD9U4M,444
B0012DT9VK,444
B000BBOUU4,444
B000BZISPI,444
B000XR9L5K,434
B000XR9L50,434
B000XRO3MQ,434
B0010XP8B2,434
B0066WB46K,434
B0013KT94O,434
B001EJTGBA,434
B00186E254,432
B000AMWIVM,429
B0011MZOEI,429
B0008KLVCS,429
B000XJSL9U,429
B00083BY4U,429
B000XSEPYQ,429
B001H1SW4M,429
B0006SSOHC,429
B0006SSOHM,429
B000VNMMQ6,429
B000VNMMRA,429
B000VNMMQQ,429
B000VNMMR0,429
B000EWBKLC,429
B000K4WLX0,428
B007HOD2WA,428
B000UNYK3A,428
B000VD9MG4,428
B000EHRVP6,428
B000EHRVPQ,428
B009OMYASS,428
B006G3Z41A,428
B00062J10C,427
B000TGGJKU,427
B000TGGJKK,427
B001OQCV6K,427
B001OQCV6A,427
B006O0GEPA,427
B0038P59A0,427
B003V3FSK0,427
B002O3Z50Q,427
B000E5KJI4,427
B00023JH3Q,427
B0038OY6DW,427
B0002Z0EXQ,427
B0002Z0EYA,427
B0002Z0EYK,427
B003TIBPNG,427
B003EMFC04,427
B000EWBKVW,427
B000EWBKWG,427
B004U40NBS,426
B004U8VWLE,426
B0041KKYEM,426
B0041KKYEW,426
B004Q08BE2,426
B000FQJAIM,425
B000FQJAIW,425
6301773551,425
B0006VIE4C,425
B00004RRA5,425
B00004RRA4,425
B00004RUJ7,425
B00008F21S,425
B000057VOF,425
B000057VOE,425
6304539258,425
B003QSPQ3O,424
B0007L43D2,424
B0007L43DC,424
B0008JFMF6,424
B00005JN5E,424
B0002Z16HY,424
B001RJX870,424
B000W1SZAO,424
B0009RCPUC,424
B0049GYXEA,424
B003ZD9DQQ,424
B0013527HU,424
B003NYT4DO,423
B003H6KRIE,423
B00280LZAE,423
B001F12J0C,423
B007FQDO14,423
B001LPWGE6,423
B00005QCVY,421
630356688X,421
6303566898,421
B000641YT6,421
B000HEWEJO,421
B005HMHPGI,421
B000065KBZ,421
6303215734,421
B00004R6XB,421
B00004R7AL,421
5555607059,421
B0007KI9RE,421
6305064490,421
B000B7TLTI,421
6305605165,421
B00005JN4W,421
B0007A2GTG,421
B0007A2GSM,421
B0007A2GSW,421
630289915X,421
B0002XMH24,421
B001UHOWXI,421
B000057VWR,421
B000057VWQ,421
B00004VY3T,421
7883704591,421
B00004ZEH1,421
B000VDDDVO,421
0782002064,421
B00075H6CS,421
6304145438,421
B001M432XA,421
B002MU4NLI,421
B001J1K96Y,420
B000U8MJEC,420
B003204MQS,419
B00304LF0W,419
B001JZG4EQ,418
B001F0N0ZG,418
B002XISFCM,418
B0010Z32OA,418
B001F0ORDU,418
B001GNFT1K,418
B002LII6B4,418
B001DDBCUU,418
B001DDBCUK,418
B001DDBCV4,418
B001DDBCUA,418
B001AQR3IU,418
B001IZZEEI,418
B004L9GLJA,418
B0013F1D02,418
B001HMSFFC,418
B000WZAE1I,418
B000WZAE0Y,418
B000LWBSDU,415
B000K7VHOG,415
B001AQMBKA,415
B000FIMG68,415
B000NB26NA,415
B001TH16DS,412
B0032LO8DE,409
B000OQB0W2,409
B002EXW7DY,409
B00005TPCF,409
B00005TPCG,409
B005FOW9SW,409
B005FOW9CI,409
B00000AERX,409
B00004RRJY,409
B00004D0CE,409
B00004D0CD,409
6302595916,409
B00004CKP0,409
B00000F168,409
B008UY8FI2,409
B008UY8FKK,409
B000007P8Z,409
B000BQ7J70,409
B000007SXQ,409
B000WULC0K,409
6302914485,409
B00000JT8Z,409
B0090XG9US,407
B004EPYZU8,407
B004EPYZUI,407
B0013FXWU6,406
B00104QSOM,406
B001A4LYN2,406
B0017I91LI,406
B005CA4SQK,404
B005CA4SJW,404
B0049P1VHS,404
B004ULEEY8,403
B0051BVQFG,403
B0034G4ORC,403
B0034G4ORM,403
B000FP2OPY,402
B00001QEE7,401
0788812408,401
B00004RWQS,401
B00004RWQR,401
B000F8O35U,401
7883700057,401
6302212529,401
B003TNM2ME,400
B003TNM2K6,400
B0010X73ZG,400
B0010X745K,400
B001DZOC3W,400
B001DZOC6Y,400
B000NHG7CA,400
B000NHG7CK,400
B000BSZAFQ,400
B000BOH8ZK,400
B000BOH8ZU,400
B0027DAPU8,400
B00005JNZU,400
B000E6V07M,400
B001CW7ZV2,400
B000I3SPLK,400
B001G779GY,400
B001HOZWUG,400
B001NIYS0G,400
B002NWUBDY,400
B004HWT6DO,399
B0034G4P7G,399
B001BN1ZHW,398
B001B9J6MC,398
B0019LZV4E,398
B0085OEU1I,398
B0013D8LOU,398
B0013D8LOK,398
B002DPH936,398
B007Q35982,396
B000R56RD2,395
B005G4TJI4,395
B005G4TJUC,395
B005KP77HE,395
B000NOKJCM,395
B000NOKJCC,395
B000NOKJC2,395
B000NOKJBS,395
B005OT2YVA,395
7883704869,395
B000PSGRSQ,395
B001F6N54G,395
B0028O9UVG,395
B000BNV8OI,394
B007K8BDMY,394
B007FNZW6W,394
B008WDRWZS,394
B000BMY2NS,394
B000NNESB6,394
B0013WI0PQ,393
B0015RFCZ0,393
B00133KFGW,393
B00133KHCO,393
B00133KHCY,393
B0007P0U6M,392
B001SGEUZG,392
B001SGEUYW,392
B0007OCG4W,392
B001THAS5K,392
B004499LX0,392
B004499LWQ,392
B0058Q4598,392
B001SMC9IK,392
B000NQRV4O,392
B002J91V2G,392
B000JY8F22,392
B005CXOG8M,391
B0018RKEQO,391
0783215126,391
B0011U52EC,390
B0011V9XSC,390
B0060CRHMQ,390
B003QSFX3C,390
B0049GYXCC,390
B003UESJMO,388
B003UESJME,388
B001LNG11W,388
B001LNJH90,388
B000H6SXMY,388
B001DWNUII,388
B001DWNUIS,388
B0002WYRSM,388
B000NMW6M0,388
B000MCH5P4,388
B000MCH5TU,388
B000MCH5TK,388
B004Q0IV2E,388
B000MFYTD2,386
B000MVXB26,386
B000IHY9TS,386
B000JBXH8W,386
B000JBXH8M,386
B000JJ5F0W,386
B0040Z9H5K,385
B0009UC7TS,385
B0007YXREU,385
B0007YXREA,385
B0007YXRFE,385
B0021L8V1Q,385
B0002B55DO,385
B0002B55DE,385
B000USU91W,385
B0007Z0OL8,385
B0007Y08IS,385
B0007Y08II,385
B0007Y08I8,385
B000IZ6URY,385
B000ACQXJU,384
B000ACQXJA,384
B000ACQXHW,384
B000BT99CK,384
B000B7PNHW,384
B000B5XPJM,384
B00152PFAM,382
B000BNI90Y,382
B00004U8H5,382
B007I8KXQ8,382
B002DOBJWO,382
B005PTNVMU,382
B000H5U5EE,382
B0044ZYJQS,381
B0043JDUNS,381
B0021L8V1G,381
B003UYV08E,381
B003YHSE7W,381
B003O3EKN8,379
B000UIVRXG,379
B004ZJZPXY,379
B000VK99Z6,379
B002HR1W1K,379
B000RJO58M,379
B000RJO578,379
B000RJO57I,379
B001993Y2C,379
B000VNMMWA,379
B0026RHR6K,379
B000KEG938,378
B001ECQ4DA,378
B000ALVT9U,378
B000AAJTLQ,378
B00005JO28,378
B000A283AW,378
B003QSJVGW,378
B000W91RUG,378
B0011E5D2Y,377
B000BKVQS4,377
B000BKVQRU,377
B000BKVQSE,377
B000EFVG5Y,377
B002QPPKDY,377
B000MQC9H4,377
B001E6QFHG,377
B000OBYLVO,377
B000T433CO,377
B000BSM26Q,377
B000BSM26G,377
B000BMY2NI,377
B003F6WFM2,377
B003F6WENW,377
B000N0W9WO,377
B008Y6RY0Q,376
B000M06KJ8,376
B000NGYLOM,376
B000V7O0HQ,376
B000JLTR90,376
B000JLTR8Q,376
B000YXPLP2,376
B000MS3YXU,376
B000M0OP1S,376
B000JU7KAE,376
B000JU7KAO,376
B004BA4E4I,373
B00005JO9J,372
B001UEBHYS,372
B001P9KR94,372
B0018OIK0E,370
B000B2YR8I,370
B0002MJT0I,370
B000R8YC3G,370
B0006A9FKU,370
B0006A9FKA,370
B0025VLEM0,370
B0018OFN4U,370
B002KGVB7I,369
B003CWTIO2,369
B001CFLGYQ,369
B001CDFY6E,369
B003CWVDKO,369
B008Y6WPXC,369
B002ZG999U,369
B002ZG99A4,369
B000VKL6Z2,369
B000VKL6ZC,369
B004QRUN8W,369
B004AQR24W,369
B005Y1B3Q0,369
B000FJH4X2,369
B004LWZW4C,367
B004LWZW42,367
B001FA1P1W,366
B005NFJAWG,366
B004BZ5AFU,366
B001S2PT3M,366
B000YABIQ6,364
B0017JKEL8,364
B0040LGV12,363
B0040LLLMQ,363
B0036EH3X4,363
B0036EH3XE,363
B000ZHS3E8,362
B000MXPE6U,362
B002ZG976U,362
B002ZG9774,362
B000VIRD6U,362
B0012U34QY,362
B000Y7U98C,362
B000Y7U98W,362
B0013KTGAG,362
B004P12SSW,362
B002OHDRF2,361
B001FB55I0,361
B001FB55HQ,361
B002RVCD0U,361
B002ZE43Z2,361
B002RVEIAI,361
B002ZE85YW,361
B002LSI0N8,361
B000AP04EW,360
B000AP04FG,360
B002CMLIJ6,360
B000AQ6904,360
B001GJ7E9E,360
B004UPANAI,360
B001GJ9G90,360
B002P93VGO,360
B000MGB6M8,360
B000ASDG0I,360
B000ARA4YA,360
B000ARA4Y0,360
B002K99P7S,360
B004SEUJUU,360
B000EYK4KI,360
B002P8ZOUQ,360
B003BZXI78,360
B003BZXI32,360
B001TJGC1C,359
B0001GL3K4,359
B0001GL3KE,359
B0001GL3KO,359
B0014DFCMS,359
B004FM2ENU,359
B005LFEDT8,359
B000YABYLA,359
B0014GVCI8,359
B0047H7QD6,359
B002LFAHBO,359
B00005JMFQ,359
B002KGREJC,359
B00067IEE6,359
B0014CQNTK,359
B0000UI2QY,359
B0000UI2QO,359
7883708015,358
B0036TGSYE,358
B007WWRJEE,358
B007WWRJA8,358
B007WWRJL2,358
B007WWRJIA,358
B001ECQ6YW,358
B001ECQ75A,358
B0007Z9R7A,358
B0007Z9R70,358
B0051XQI84,358
B001HUHBDG,358
B004KV92ZE,358
B0071BY1PG,358
B0051XSKSU,358
B00004RLZ0,358
B00004RV0S,358
B009ITM7CS,358
B0080BFVKU,358
B00005JKXS,358
B003ZHVJGO,358
B00168OINK,358
B001G6E7RY,358
6303441491,358
B00008G1PX,358
B001RU2YUQ,357
B000K8EQ5W,357
B002TUU4EG,357
B000HEWEEE,357
B000HEWEE4,357
B003KRGCTI,357
B0090XHWYA,357
B003V3FTTU,357
B001PPGAIK,357
B001PPGAIA,357
B002V0GZ9M,357
B002RSDW80,357
B002RSDW8A,357
B000V7O0IA,357
B002ZG997C,357
B000HLDFK4,357
B000HLDFKE,357
B001UG56ES,357
B003KRJNBW,357
B002VXGW2E,357
B00308SOA2,357
B002NJUN44,356
B000B2YR88,356
B000B2YR7Y,356
B000B2YR7O,356
B002NJWHHA,356
B0087ZG7K2,356
B000B7M8Z2,356
B000OLTBL4,356
B00005JO16,356
B00005JOLJ,356
B000NA28IE,356
B000NA28HU,356
B000NA28I4,356
B000OLV97I,356
B000NIVJEU,356
B001F6PZVM,356
B000FIMG5Y,355
B000ICK816,355
B000GFLEGI,355
B001CW7ZVC,355
B001D6WI64,354
B001AIRUOU,354
B001AIRUPE,354
6303122647,354
B00004RRFC,354
B003UMW648,354
B00004CXT5,354
B00009ZWAB,354
B00005JPH2,354
B003QSGXKY,354
B00009ZPU6,354
B0060CXKOA,354
B00003CXC5,354
0792158261,354
0792158288,354
079215827X,354
B0014Z4ONE,354
6305949980,354
6305949972,354
B00447L4JG,354
7883706691,354
B001EDOC6A,354
B001EDOC5Q,354
B001EDOC60,354
B007BMIFI4,353
B0041KKYBK,353
B0041KKYBA,353
B001LM1456,353
B001RQ8E36,353
B006WXHJNU,353
B0028O9V8S,353
B001IAME78,353
B001DHXT2A,353
B001DHXT1G,353
B001DHXT20,353
B0002P18GI,351
B00466H3DG,351
B001TAFCBC,351
B0087ZG7GQ,351
B0020TS5LA,351
B0002G2B2W,351
B0002G2B2M,351
B001TAJGO6,351
B0011WCRT8,351
B008Q00RJ0,351
B00005JMJG,351
B0002RGNRU,351
B0006B2A2E,351
B000N3SSBM,351
B008Y5QTRG,350
B002ZG9846,350
B002ZG983M,350
B003TOH8AE,350
B003TOMAPC,350
B004CQ3HVM,349
B0058Q291E,349
B005KG4DES,349
B004CQ8WRG,349
B000QUU7KC,349
B000AY6JVK,348
B002ZG997M,347
B000GCFO0I,346
B000GCFO12,346
B000GCFO0S,346
B000GCFO08,346
6304711921,346
B000K0YLLY,346
B00540G3G6,346
B000AP04P6,346
B000I8HIR2,346
B0028OA0EC,346
B0006IWQIU,346
B001AIRUP4,346
B002PNF8HK,346
B000HT3P5Q,346
B003PM5Y4M,346
B0006FO5G4,346
B0006FO5GE,346
B000B7TLSY,346
B001O6W9QC,346
B00005JMZK,346
B00004VYQ4,346
B000I9X6WM,346
B000BQ7JQ6,346
B001H5X7KC,346
B001H5X7JS,346
B001H5X7IE,346
B001H5X7I4,346
B000O76T7M,346
B000AA4FIS,346
B000AA4FII,346
B0006BE3S8,346
B008TRQEKQ,345
B00147F8Z0,345
B0060D08JO,345
B001451HX4,345
B001451HWU,345
B001451HXE,345
B002ZG99QS,345
B004K4IZ54,345
B004K4IZ3G,345
B001GF8WPI,345
B004SIP98S,345
B004SIP9B0,345
B002LAM7PI,345
B0006GAO18,345
B00005JPAO,345
B002BWCJOA,345
B000NTPDK0,345
B006RXQ2CY,345
B000VYYDMG,345
B0014EGMQM,345
B000XRK4VU,344
B000WDROY0,344
B004ZJZQ60,344
B000U71692,344
B000LXH0AE,344
B000NTHT6G,344
B000YI7CMM,344
B00005JOJR,344
B000TZJBP6,344
B000TZJBPG,344
B000TZJBPQ,344
B000TZJBQ0,344
B001CW7ZUS,344
B000M4RGA6,344
B000I9X54Q,343
B000ZJW4NW,343
B000F5GJO6,343
B000F6IOBQ,343
B000F6IOC0,343
B000F6IOBG,343
B0002OXVBY,342
B0002OXVBO,342
B002SEQ8ZM,341
B002SEQ8ZC,341
B0016OLC5Q,341
B000ZN8036,341
B000ZN802W,341
B000ZN803G,341
B000MZHW40,341
B000MZHW4A,341
B000MZHW1S,341
B000OLRH10,341
B000OLRH1A,341
B00288KNL8,341
B00288KNJU,341
B00288KNLS,341
B004GXKBEM,341
B001GMH8SI,341
B0012FHGCW,341
B00005JPGO,341
B003UAKE9Y,341
B004L9GM26,341
B000N0WCLC,341
B004BLTNJI,341
B00064AFBE,338
B002LMSWN2,338
B002LMSWNC,338
B002SAA4I8,338
B0001M1JFM,338
B000VFUJN2,338
B000TGJ808,337
B000LXH0B8,337
B000EHRVMO,337
B000EHRVMY,337
B000EHRVOC,337
B000ZVONES,337
B000HC2LI0,337
B000I9YUYU,337
B0017P520U,336
B00186LNX8,336
B004ZJZQBK,336
B0046BHC64,336
B0012SCHZK,336
B001GKJ2FC,336
B001GKJ2ES,336
B001GKJ2F2,336
B001GKJ2E8,336
B001GKJ2DE,336
B001HIJYR4,336
B001PP9ALY,336
B0031J7F1Y,336
B0011NVC98,336
B0011NVC9I,336
B0011QC9U6,336
B001AII4RM,336
B001MNFOIW,336
B0010HLGZA,334
B001CFLGMS,334
B0067VDYJK,334
B000VBIGCW,334
B000KJT674,334
B00004CII8,334
B0000AYJUW,334
B0042FDCJK,334
B001L5O0OA,334
B001CFEC7Y,334
B001CW7ZZ8,334
6304696604,334
B001CW802U,334
B00000JKNR,334
B00000JKNP,334
B000N6U0DS,333
B000N6U0E2,333
B000OW77UU,333
B000NIBUQW,333
B000HF6XKO,331
B005IZLPMY,331
B005IZLPME,331
B005IZLPKQ,331
B000F7CMRM,331
B000F7CMRW,331
B000E5KJFM,331
B005ZCXPP0,331
B000H2FDTO,331
B000I5Y8FU,331
B000IYV1ME,331
B007NQ06S0,330
B003RV23KE,330
B002ZG9788,330
B002ZG977Y,330
B003RV43X4,330
B0083SJFZ2,330
B00475BUVM,330
B00068S3KA,329
B000ZIYJ2C,329
B00065GWKG,329
B001YV5036,329
B000X9MFHE,329
B000WAGVHE,329
B000E1ZK4G,329
B003NTSBTC,329
B003NTSBUG,329
B000W4HJ44,329
B000I9S5U0,329
B000AXWX6G,329
B002VWOMOU,329
B001GCUO5M,329
B001GCUO5W,329
B002D0L0R2,329
B00005JNC2,329
B00116FT6M,329
B000WC3AGM,329
B000ARTN3S,329
B000ARTN42,329
B000ARTN3I,329
B000W4KT64,329
B000W4KT6E,329
B000I9X6PE,329
B000I9X6Q8,329
B000BRM992,329
B0007R4TBW,329
B0028O9W46,329
B0028O9W3W,329
B001GZPZXU,329
B000A59PMO,328
B0002PYS7Y,328
B002SAHIZA,328
B002B71XWE,326
B001GCUNZI,326
B001GCUO02,326
B002PCHGVW,325
B0006Z2LMO,325
B001PO53IO,325
B0007MU2X6,325
B0040U5Q3M,324
B00095LIE8,324
B002ZG99B8,324
B000VZGK3K,324
B004MYH08U,324
B00080ZHFK,324
B00080ZG10,324
B00080ZG1A,324
B004VL9Y5G,323
B000YIGNKE,323
B0009KQOKQ,322
B003NFM3JK,322
B003NFM3JU,322
B0002YLCFQ,322
B0002YLCG0,322
B0002YLCGA,322
B000MQ58WC,322
B000B5IOWA,322
B005KSW5PA,322
B005KSW5WI,322
B00004TITR,322
B002BVOYIA,322
B0000YTP02,322
B0000YTP0M,322
B0000YTP0C,322
B0002ZUHD8,322
B000189KMA,322
B0007UQ23W,322
B0002QCBVS,322
B0060CXW3O,322
B00064MTYK,322
B0007R4TRQ,322
B0007R4T3U,322
B0009298WU,322
B00448SE4S,321
B000063W2T,321
B0035Q4DOU,321
B00448VST6,321
B000GETWF4,321
B0012NVGHU,321
B0011EP0S6,321
B00009ZY9E,321
B0041T52S6,321
B002KGREKG,321
B0009VBTP0,321
B000X1Z0BU,321
B003DT1950,320
B000TFINY6,320
B000CAPZBC,320
B000FZETI4,320
B0029O0BK4,319
B001BNFRB2,319
B000EOTTTU,319
B001VPJZ3G,318
B000JVRPUI,318
B00467KFYO,318
B0042AGNAK,318
B0087ZG7TS,318
B0087ZG7SY,318
6302181569,318
6304056818,318
B000HEWEEY,318
B000HEWEDK,318
B0014T5TAM,318
B00140PL9U,318
B002VWNIA4,318
B0017W8ODK,318
B000VECADA,318
B00004CJ0N,318
B000OVLBIU,318
B000OVLBFI,318
B000OVLBEO,318
B000OVLBF8,318
B000OVLBEY,318
B0013XZ6XE,318
B0013XZ6X4,318
B0047BXRB2,318
079074404X,318
B000UZDO62,318
B001N3GUIE,318
B001N3EZW2,318
0790746905,318
B000P46QTA,316
B000V4NX04,316
B0009LS9Y4,316
B005E7OUL4,316
B007FQDP1S,316
B002GGCKYA,316
B000OVLBGC,316
B0032JTV6K,316
B0032JTV6A,316
B005H81JP0,315
B005AUWXZ0,315
B005AUWY90,315
B005AUWY2W,315
B000063W2U,315
B0031XYLWG,315
B0034JKZ3G,315
B0034JKZ8G,315
B0034JKZ86,315
B00622B3MY,315
779912220X,315
B0049GYXDQ,315
B005DLT7D2,315
B001HN6922,315
B0060D15AK,314
B004X75RK4,314
B003UMW69I,314
B002K0WBYG,314
B002K0WBY6,314
B002K0WBXW,314
B000WC38BO,314
B00275EGX8,313
B003U0AHBO,312
B002SM2QDC,312
B002ZG98VE,312
B002W1UEW4,312
B006WXHJGC,312
B002NXSRVG,312
B002NXSRW0,312
B002NXSRX4,312
B003XQM2YU,312
B003XWEQ1G,312
B0006IUE3Y,311
B000HZED8S,311
B000GTJT0M,311
B0052C5EHU,311
B000JF9PSO,311
B000I0QM04,311
B007N31XIU,311
B007N31ZN8,311
B000IZA9NK,311
B001W63DSW,311
B0006IIPJ4,311
B0006IIPIK,311
B000J2DB46,311
B000H5U6HA,311
B000GH3CRA,311
B0006L7U9W,311
B0007KMUJW,311
B002EEY8KS,311
B000QGEB12,310
B0000CERTA,310
B0042AGN8M,310
B0009UVBQI,310
0800193873,310
B000S6BKSC,310
0800103106,310
0800195043,310
0800195175,310
B00004RYDC,310
B0009U7LN0,310
B00004RF0K,310
0767805267,310
B00004RUNT,310
B0027Z837S,310
B00004CW5G,310
B000EZ7ZY0,310
B00004CVHN,310
B00004CZO2,310
B000B5IP6U,310
B0009WT83O,310
B000F9RB8A,310
B0006GVJE4,310
B000ZH8X02,310
B00004VY05,310
B00005J4A7,310
B0009S4IHY,310
B000006AXC,310
B00005NP1Z,310
B00005NRNA,310
B000I8ES5C,310
B000QTD368,310
6304609825,309
B00007KFNP,309
B001D6I340,309
B008Y5U904,309
6304401132,309
B0001MXPF4,309
B000092T54,309
0937611417,309
B00004TBRH,309
B000CSA1K4,309
B00005JKHN,309
B00027OI1I,309
B003Y5H5G0,309
6302729890,309
B000ARTMWU,309
B000ESSUL4,309
B000PG8FOW,309
B00008X5J5,309
B0013ND30W,309
B0013ND30M,309
B00005NVFR,309
7883707728,309
B000ARFPMQ,309
B000ARFPN0,309
6303118240,308
B002M89SWY,308
B000HEVZ8A,308
B004KTSWYS,308
B004E547D8,308
B000EBIOVC,308
B003Q6D2BE,308
B003Q6D2B4,308
B000V7O0IK,308
B0001XAQ0A,308
7883688227,308
B004HX0P2Y,308
5554461174,308
B000E1NXJ0,308
B0036EH3WU,308
B0036EH3WK,308
B002ZTQV8Y,308
B001L47WKK,308
B000H1RFJQ,308
B00003CXCZ,308
B002M82CMW,308
B000H5TV8A,308
B00006RCT5,308
B0015XHP22,307
B0015XHP2W,307
B0015XHP2M,307
B0015XHP2C,307
B0020GL0GA,307
B004BEMC6G,307
B003KV3E36,307
B001BNZRUS,307
B0045ODPKY,307
B000YAF4MA,307
B0021L8V0W,307
B0021L8V0M,307
7883686380,307
B0018SPWQK,307
B0016P8OAG,307
B007I77P0Q,307
B004GYU16Y,307
B001BKV9TY,307
B000QFCD86,306
B000QFCD7W,306
B000WY0GRG,306
B000OLTMQ8,306
B0060D3QWK,306
B0012U34QO,306
B000N4SHPS,306
B003INBNXO,306
B003INBOEC,306
B003INBOEM,306
B003INBOE2,306
B000MRA58S,306
B000Q99EAC,306
B0019N8P2W,306
B004L47ZFO,306
B000N3AXQU,306
B000W4RV1A,305
B001DK8IKA,305
B000UVKGPI,305
B000UVKGQ2,305
B0015U0R0M,305
B001EL6EDG,305
B001EL6EEK,305
B0067PSFUO,305
B0054JELUC,305
B005MKZVFC,305
B005MKZMOW,305
B001AII4TU,305
B000EHQSOG,304
B000Q6GUTI,304
B000Q6GUT8,304
B004UTA5BG,304
B004UTCGNG,304
B000V1Z8KK,304
B000SLP4SE,304
B003Y5H5GU,304
B003Y5H5GK,304
B000QUEQBS,304
B000QUEQBI,304
B001JIE7JC,303
B001JIE7JM,303
B001Q2J8BS,303
B001N4ROW4,303
B001PJRAUS,303
B00371XIJE,302
B000E6GCHK,302
B001AL3T9C,302
B0031RAOVY,302
B000HCO80E,302
B000AXWHS0,302
B000AXWHSA,302
B000AXWHSK,302
B000E8O8Q0,302
B000RHLY7E,302
B004V2S4WY,301
B000E1XOIK,301
B000BSZAFG,301
B00004CMNF,301
B003ZY3050,301
B000CCW2RU,301
B002LFPAUC,301
6302541743,301
B00004WGC4,301
B000CSTKJ2,301
B00005LC1H,301
B002QZPG3I,301
B0014Z4P56,301
B0041IMY6K,301
B00005OCTG,301
