"date","freq","btc","usd_rate","usd"
2010-07-18,605,29150.092,0.0858,2501.0778936
2010-07-19,663,52553.324,0.0808,4246.3085792
2010-07-20,933,43706.28,0.0747,3264.859116
2010-07-21,612,33839.33,0.0792,2680.074936
2010-07-22,490,51619.4,0.0505,2606.7797
2010-07-23,490,26243.04,0.0626,1642.814304
2010-07-24,1324,63255.84,0.0545,3447.44328
2010-07-25,3321,55921.344,0.0505,2824.027872
2010-07-26,597,92141.51,0.056,5159.92456
2010-07-27,603,42048.285,0.06,2522.8971
2010-07-28,3541,72363.555,0.0589,4262.2133895
2010-07-29,459,30509.34,0.0699,2132.602866
2010-07-30,395,29423.514,0.0627,1844.8543278
2010-07-31,359,26790.213,0.0679,1819.0554627
2010-08-01,435,281325.66,0.0611,17188.997826
2010-08-02,500,75596.62,0.06,4535.7972
2010-08-03,952,51767.965,0.06,3106.0779
2010-08-04,588,46467.594,0.057,2648.652858
2010-08-05,805,50508.082,0.061,3080.993002
2010-08-06,410,34860.168,0.0623,2171.7884664
2010-08-07,329,22374.805,0.059,1320.113495
2010-08-08,516,24145.395,0.0609,1470.4545555
2010-08-09,543,94290.85,0.071,6694.65035
2010-08-10,395,32149.33,0.07,2250.4531
2010-08-11,494,68324.34,0.067,4577.73078
2010-08-12,794,45980.87,0.07,3218.6609
2010-08-13,443,26763.525,0.0645,1726.2473625
2010-08-14,504,31256.55,0.067,2094.18885
2010-08-15,375,30846.918,0.0653,2014.3037454
2010-08-16,550,73739.28,0.0655,4829.92284
2010-08-17,424,53463.35,0.07,3742.4345
2010-08-18,525,44545.773,0.068,3029.112564
2010-08-19,418,27377.932,0.0667,1826.1080644
2010-08-20,510,38955.082,0.0655,2551.557871
2010-08-21,466,50173.848,0.0664,3331.5435072
2010-08-22,417,27917.67,0.066,1842.56622
2010-08-23,441,26950.564,0.0649,1749.0916036
2010-08-24,476,32392.078,0.065,2105.48507
2010-08-25,432,26361.904,0.0648,1708.2513792
2010-08-26,417,27025.719,0.064,1729.646016
2010-08-27,389,37033.047,0.065,2407.148055
2010-08-28,392,21886.99,0.0641,1402.956059
2010-08-29,329,16869.152,0.064,1079.625728
2010-08-30,522,33314.11,0.065,2165.41715
2010-08-31,467,41100.945,0.06,2466.0567
2010-09-01,542,36268.547,0.0629,2281.2916063
2010-09-02,404,44090.37,0.0634,2795.329458
2010-09-03,349,33142.44,0.0609,2018.374596
2010-09-04,354,45316.184,0.0624,2827.7298816
2010-09-05,364,140251.1,0.0616,8639.46776
2010-09-06,335,86899.23,0.0616,5352.992568
2010-09-07,334,26255.385,0.061,1601.578485
2010-09-08,453,38356.812,0.062,2378.122344
2010-09-09,532,26744.193,0.0611,1634.0701923
2010-09-10,357,21122.312,0.0618,1305.3588816
2010-09-11,373,20952.424,0.0637,1334.6694088
2010-09-12,532,115033.37,0.0615,7074.552255
2010-09-13,593,38301.4,0.0622,2382.34708
2010-09-14,594,53683.84,0.062,3328.39808
2010-09-15,524,34715.516,0.0604,2096.8171664
2010-09-16,485,42552.26,0.0619,2633.984894
2010-09-17,459,91051.61,0.059,5372.04499
2010-09-18,437,54834.95,0.061,3344.93195
2010-09-19,468,64985.746,0.0627,4074.6062742
2010-09-20,743,49189.793,0.0621,3054.6861453
2010-09-21,1220,35311.527,0.0627,2214.0327429
2010-09-22,943,58875.785,0.0622,3662.073827
2010-09-23,692,129849.28,0.0623,8089.610144
2010-09-24,616,30261.898,0.0622,1882.2900556
2010-09-25,710,39398.88,0.062,2442.73056
2010-09-26,667,36157.883,0.062,2241.788746
2010-09-27,596,43941.723,0.0622,2733.1751706
2010-09-28,1087,111151.63,0.0619,6880.285897
2010-09-29,1218,80484.06,0.0619,4981.963314
2010-09-30,915,82869.88,0.0619,5129.645572
2010-10-01,603,32740.893,0.062,2029.935366
2010-10-02,644,393429.1,0.0614,24156.54674
2010-10-03,540,58929.363,0.0611,3600.5840793
2010-10-04,605,576221.3,0.0613,35322.36569
2010-10-05,495,186322.28,0.0614,11440.187992
2010-10-06,561,147449.42,0.0628,9259.823576
2010-10-07,443,140144.8,0.067,9389.7016
2010-10-08,487,210972.52,0.0869,18333.511988
2010-10-09,550,127738.81,0.0938,11981.900378
2010-10-10,489,125339.92,0.0965,12095.30228
2010-10-11,434,77791.73,0.095,7390.21435
2010-10-12,484,65220.18,0.0949,6189.395082
2010-10-13,512,137738.75,0.105,14462.56875
2010-10-14,456,184841.56,0.102,18853.83912
2010-10-15,446,156263.77,0.105,16407.69585
2010-10-16,564,210044.64,0.101,21214.50864
2010-10-17,583,136110.6,0.102,13883.2812
2010-10-18,1014,226985.4,0.1024,23243.30496
2010-10-19,1359,284539.47,0.097,27600.32859
2010-10-20,894,213055,0.099,21092.445
2010-10-21,741,187333.48,0.107,20044.68236
2010-10-22,854,132303.1,0.1025,13561.06775
2010-10-23,697,36760.754,0.1055,3878.259547
2010-10-24,754,117848.37,0.115,13552.56255
2010-10-25,616,194798.72,0.132,25713.43104
2010-10-26,733,194983.75,0.1503,29306.057625
2010-10-27,751,180586.7,0.1877,33896.12359
2010-10-28,736,203926.4,0.1731,35299.65984
2010-10-29,550,92530.4,0.19,17580.776
2010-10-30,504,64850.355,0.1989,12898.7356095
2010-10-31,384,77051.055,0.1925,14832.3280875
2010-11-01,435,49809.87,0.1955,9737.829585
2010-11-02,356,82197.336,0.1938,15929.8437168
2010-11-03,420,52599.418,0.1931,10156.9476158
2010-11-04,432,170770.86,0.23,39277.2978
2010-11-05,557,51348.496,0.26,13350.60896
2010-11-06,509,146966.61,0.39,57316.9779
2010-11-07,551,128270.7,0.34,43612.038
2010-11-08,616,485148.72,0.243,117891.13896
2010-11-09,484,59526.535,0.21,12500.57235
2010-11-10,521,68714.266,0.24,16491.42384
2010-11-11,443,50862.67,0.2231,11347.461677
2010-11-12,340,43546.703,0.2682,11679.2257446
2010-11-13,442,46213.945,0.276,12755.04882
2010-11-14,445,46879.105,0.279,13079.270295
2010-11-15,14419,309092.34,0.2682,82898.565588
2010-11-16,6067,362303.44,0.223,80793.66712
2010-11-17,562,71656.7,0.2299,16473.87533
2010-11-18,2948,70291.26,0.2678,18823.999428
2010-11-19,11847,167193.8,0.28,46814.264
2010-11-20,12181,155037.12,0.283,43875.50496
2010-11-21,4637,30418.842,0.2768,8419.9354656
2010-11-22,471,47855.344,0.2879,13777.5535376
2010-11-23,497,48640.234,0.283,13765.186222
2010-11-24,5549,53046.17,0.283,15012.06611
2010-11-25,3922,98948.32,0.28,27705.5296
2010-11-26,1693,51388.793,0.2844,14614.9727292
2010-11-27,587,27334.646,0.283,7735.704818
2010-11-28,695,33246.33,0.27,8976.5091
2010-11-29,587,48440.7,0.2299,11136.51693
2010-11-30,644,77391.76,0.2082,16112.964432
2010-12-01,711,58573.902,0.2275,13325.562705
2010-12-02,643,69088.21,0.255,17617.49355
2010-12-03,566,55949.094,0.2511,14048.8175034
2010-12-04,520,62437.957,0.205,12799.781185
2010-12-05,558,107413.38,0.19,20408.5422
2010-12-06,633,48014.867,0.204,9795.032868
2010-12-07,809,83465.78,0.233,19447.52674
2010-12-08,735,47665.582,0.2388,11382.5409816
2010-12-09,595,48766.54,0.2,9753.308
2010-12-10,642,72140.51,0.204,14716.66404
2010-12-11,858,48228.344,0.228,10996.062432
2010-12-12,1128,80254,0.22,17655.88
2010-12-13,985,187818.4,0.2299,43179.45016
2010-12-14,959,118741.086,0.2467,29293.4259162
2010-12-15,909,113615.98,0.238,27040.60324
2010-12-16,745,89308.12,0.25,22327.03
2010-12-17,654,78290.83,0.24,18789.7992
2010-12-18,781,123468.31,0.241,29755.86271
2010-12-19,778,70631.92,0.2401,16958.723992
2010-12-20,1586,91656.13,0.267,24472.18671
2010-12-21,1010,106844.24,0.24,25642.6176
2010-12-22,1065,91613.62,0.25,22903.405
2010-12-23,900,70311.04,0.25,17577.76
2010-12-24,775,79386.695,0.248,19687.90036
2010-12-25,1053,112352.21,0.2499,28076.817279
2010-12-26,887,79856.43,0.265,21161.95395
2010-12-27,939,86878.945,0.265,23022.920425
2010-12-28,981,86967.14,0.281,24437.76634
2010-12-29,858,107592.45,0.3,32277.735
2010-12-30,884,68120.38,0.3,20436.114
2010-12-31,862,68958.59,0.3,20687.577
2011-01-01,996,56763.387,0.3,17029.0161
2011-01-02,876,55045.29,0.3,16513.587
2011-01-03,1879,78046.04,0.295,23023.5818
2011-01-04,1474,44639.734,0.299,13347.280466
2011-01-05,1727,62164.203,0.299,18587.096697
2011-01-06,942,43746.066,0.298,13036.327668
2011-01-07,1938,62175.805,0.32,19896.2576
2011-01-08,1783,61640.69,0.3229,19903.778801
2011-01-09,1894,50239.363,0.323,16227.314249
2011-01-10,1980,96130.3,0.3266,31396.15598
2011-01-11,1857,117048.49,0.3266,38228.036834
2011-01-12,1784,58083.13,0.3188,18516.901844
2011-01-13,1909,133376.52,0.3176,42360.382752
2011-01-14,1761,87598.58,0.4,35039.432
2011-01-15,1573,66101.84,0.386,25515.31024
2011-01-16,1416,70123.04,0.3868,27123.591872
2011-01-17,1373,71097.84,0.3495,24848.69508
2011-01-18,1540,107851.336,0.313,33757.468168
2011-01-19,1576,71437.07,0.313,22359.80291
2011-01-20,1637,73330.72,0.39,28598.9808
2011-01-21,1996,71096.27,0.4199,29853.323773
2011-01-22,2289,62841.734,0.4443,27920.5824162
2011-01-23,1992,89470.07,0.4424,39581.558968
2011-01-24,2143,90350.234,0.4199,37938.0632566
2011-01-25,1527,52856.016,0.41,21670.96656
2011-01-26,1606,506911.72,0.417,211382.18724
2011-01-27,1468,610096.5,0.4212,256972.6458
2011-01-28,2157,56528.027,0.446,25211.500042
2011-01-29,2117,72039.8,0.439,31625.4722
2011-01-30,5349,465218.1,0.4799,223258.16619
2011-01-31,1730,140191.34,0.52,72899.4968
2011-02-01,1836,168518.4,0.7,117962.88
2011-02-02,1417,91419.22,0.716,65456.16152
2011-02-03,1318,56018.785,0.69,38652.96165
2011-02-04,1568,78834.43,0.811,63934.72273
2011-02-05,1442,79704.5,0.92,73328.14
2011-02-06,1356,65431.77,0.8997,58868.963469
2011-02-07,1515,173457.25,0.89,154376.9525
2011-02-08,1548,80566.91,0.918,73960.42338
2011-02-09,2381,159572.89,1.09,173934.4501
2011-02-10,4154,269872.8,0.9803,264556.30584
2011-02-11,3880,217159.1,1.07,232360.237
2011-02-12,3130,125004.17,1.0799,134992.003183
2011-02-13,3249,116219.57,1.05,122030.5485
2011-02-14,3603,133249.98,1.07,142577.4786
2011-02-15,3551,95756.484,1.05,100544.3082
2011-02-16,3662,81916.75,1.045,85603.00375
2011-02-17,3702,104719.74,1.04,108908.5296
2011-02-18,3546,149183.44,0.8989,134100.994216
2011-02-19,2722,209369.14,0.949,198691.31386
2011-02-20,3760,224324.62,0.85,190675.927
2011-02-21,3423,252555.78,0.8345,210757.79841
2011-02-22,3818,448857.94,0.8702,390596.179388
2011-02-23,3753,252934.92,0.9,227641.428
2011-02-24,3836,226035.9,0.9974,225448.20666
2011-02-25,3599,182913.56,0.9111,166652.544516
2011-02-26,3466,177441.16,0.958,169988.63128
2011-02-27,3583,179735.69,0.89,159964.7641
2011-02-28,3278,166156.66,0.86,142894.7276
2011-03-01,5183,1012650.6,0.9202,931841.08212
2011-03-02,3654,2439410.8,0.9399,2292802.21092
2011-03-03,5691,349548.5,0.9391,328260.99635
2011-03-04,3356,207415.53,0.901,186881.39253
2011-03-05,3354,183923.67,0.9103,167425.716801
2011-03-06,3500,197434.83,0.8999,177671.603517
2011-03-07,3678,176692.73,0.885,156373.06605
2011-03-08,4102,201802.92,0.87,175568.5404
2011-03-09,3289,288618.6,0.8645,249510.7797
2011-03-10,3098,439409.34,0.9329,409924.973286
2011-03-11,3427,124780.984,0.88,109807.26592
2011-03-12,4120,189102.16,0.918,173595.78288
2011-03-13,4093,221099.19,0.8925,197331.027075
2011-03-14,4065,176944.97,0.8949,158348.053653
2011-03-15,4535,129251.02,0.87,112448.3874
2011-03-16,4737,164842.16,0.86,141764.2576
2011-03-17,4343,155730.33,0.8254,128539.814382
2011-03-18,4579,178392.11,0.8165,145657.157815
2011-03-19,4284,111094.9,0.765,84987.5985
2011-03-20,7451,144750.72,0.7411,107274.758592
2011-03-21,7498,195100.78,0.759,148081.49202
2011-03-22,4193,197998.8,0.809,160181.0292
2011-03-23,7842,287411.4,0.8497,244213.46658
2011-03-24,4445,236718.75,0.8669,205211.484375
2011-03-25,4196,330709.53,0.8838,292281.082614
2011-03-26,6552,271356.7,0.8552,232064.24984
2011-03-27,5611,151925.94,0.82,124579.2708
2011-03-28,6817,152593.67,0.799,121922.34233
2011-03-29,3818,111568.33,0.7925,88417.901525
2011-03-30,4156,140856.95,0.7897,111234.733415
2011-03-31,4046,129630.586,0.7846,101708.1577756
2011-04-01,3199,81561.664,0.7741,63136.8841024
2011-04-02,3920,110998.14,0.782,86800.54548
2011-04-03,4034,108877.14,0.779,84815.29206
2011-04-04,5231,150546.14,0.68,102371.3752
2011-04-05,4082,119586.59,0.71,84906.4789
2011-04-06,3508,97638.03,0.74,72252.1422
2011-04-07,3622,104077.945,0.7538,78453.954941
2011-04-08,3854,140212.27,0.75,105159.2025
2011-04-09,3626,138006.08,0.73,100744.4384
2011-04-10,3722,97277.21,0.7369,71683.576049
2011-04-11,3802,100214.195,0.77,77164.93015
2011-04-12,4955,161216.27,0.86,138645.9922
2011-04-13,5315,186836,0.9225,172356.21
2011-04-14,5205,138000.55,1,138000.55
2011-04-15,4327,224131.86,0.9899,221868.128214
2011-04-16,3682,238474.03,1.0499,250373.884097
2011-04-17,6075,1318658,1.1123,1466743.2934
2011-04-18,4594,128300.8,1.162,149085.5296
2011-04-19,7614,7306576.5,1.1979,8752547.98935
2011-04-20,4637,143195.31,1.1421,163543.363551
2011-04-21,4320,442426.88,1.21,535336.5248
2011-04-22,3939,164169.11,1.409,231314.27599
2011-04-23,5724,200289.95,1.7001,340512.943995
2011-04-24,4153,84291.65,1.6301,137403.818665
2011-04-25,5570,119366.805,1.559,186092.848995
2011-04-26,8199,202322.31,1.7949,363148.314219
2011-04-27,7916,237178.88,1.9,450639.872
2011-04-28,6115,724663.75,2.2106,1601941.68575
2011-04-29,8116,222832.33,2.88,641757.1104
2011-04-30,8718,404254.3,3.5,1414890.05
2011-05-01,7303,179533.53,3.0331,544543.149843
2011-05-02,6190,130783.78,3.2,418508.096
2011-05-03,6751,309422.53,3.41,1055130.8273
2011-05-04,6188,181876.98,3.4061,619491.181578
2011-05-05,7745,171111.05,3.333,570313.12965
2011-05-06,6894,287318.1,3.45,991247.445
2011-05-07,8215,420913.3,3.641,1532545.3253
2011-05-08,7028,362426.62,3.8659,1401105.070258
2011-05-09,7484,329499.9,3.8,1252099.62
2011-05-10,7155,396971.03,5.81,2306401.6843
2011-05-11,6685,177746.95,5.5,977608.225
2011-05-12,8394,483080.38,6.3002,3043503.010076
2011-05-13,8632,1746264.6,8.198,14315877.1908
2011-05-14,9799,441381.7,7.1977,3176933.06209
2011-05-15,9760,196785.66,6.987,1374941.40642
2011-05-16,13415,240944.19,8.0339,1935721.528041
2011-05-17,11006,245185.08,7.19,1762880.7252
2011-05-18,13561,172431.14,6.88,1186326.2432
2011-05-19,12188,215965.14,6.805,1469642.7777
2011-05-20,12001,371663.72,5.5904,2077748.860288
2011-05-21,11481,641349.3,6.1197,3924865.31121
2011-05-22,12551,902075.4,6.6901,6034974.63354
2011-05-23,13736,470233.84,7.1499,3362124.932616
2011-05-24,14863,384760.44,7.42,2854922.4648
2011-05-25,15714,416452.5,8.3997,3498076.06425
2011-05-26,14321,664889.6,8.798,5849698.7008
2011-05-27,10753,259309.6,8.5002,2204183.46192
2011-05-28,12014,228126.19,8.3001,1893470.189619
2011-05-29,12347,272073.9,8.4299,2293555.76961
2011-05-30,14389,291090.44,8.8,2561595.872
2011-05-31,13352,280079.16,8.741,2448171.93756
2011-06-01,15256,278295.03,9.57,2663283.4371
2011-06-02,16854,407012.25,10.6,4314329.85
2011-06-03,19708,619895.94,14.29,8858312.9826
2011-06-04,19304,506060.22,18.89,9559477.5558
2011-06-05,19005,550273.56,16.7,9189568.452
2011-06-06,21649,826019.2,18.5499,15322573.55808
2011-06-07,19851,563593.5,23.9234,13483072.7379
2011-06-08,27125,826143.9,29.6,24453859.44
2011-06-09,28447,808565.7,28.919,23382911.4783
2011-06-10,25793,928040.6,23.9497,22226293.95782
2011-06-11,27464,1636418.6,14.6511,23975332.55046
2011-06-12,28611,1687953.9,18.5464,31305468.21096
2011-06-13,28813,1366604.6,19.84,27113435.264
2011-06-14,34164,1538001.4,19.28,29652666.992
2011-06-15,30198,4640237,19.49,90438219.13
2011-06-16,28625,8397654,17,142760118
2011-06-17,27587,1468723.8,15.681,23031057.9078
2011-06-18,30741,1270904.4,16.89,21465575.316
2011-06-19,28805,4580934,17.51,80212154.34
2011-06-20,29460,1393207.5,17.51,24395063.325
2011-06-21,26655,3506949.5,17.51,61406685.745
2011-06-22,30367,1158300.1,17.51,20281834.751
2011-06-23,28101,1689344.5,17.51,29580422.195
2011-06-24,24880,4691243,17.51,82143664.93
2011-06-25,22058,11399258,17.51,199601007.58
2011-06-26,25686,3574998.5,16.45,58808725.325
2011-06-27,29890,4006349.8,16.75,67106359.15
2011-06-28,25548,6144781.5,16.9498,104152817.4687
2011-06-29,24249,1242364.1,16.845,20927623.2645
2011-06-30,23713,1577412.5,16.101,25397918.6625
2011-07-01,33910,1029850.3,15.397,15856605.0691
2011-07-02,31788,750395.7,15.4,11556093.78
2011-07-03,21870,787358.94,15.4405,12157215.71307
2011-07-04,25745,1139354.5,13.86,15791453.37
2011-07-05,24486,438085.8,12.9069,5654329.61202
2011-07-06,24892,538413.2,14.7835,7959631.5422
2011-07-07,22254,469851.12,14.7761,6942567.134232
2011-07-08,24987,349943.62,14.314,5009092.97668
2011-07-09,22113,2028422.5,14.38,29168715.55
2011-07-10,31659,2465514.8,14.9,36736170.52
2011-07-11,25167,1253966.4,14.2091,17817733.97424
2011-07-12,24453,840109.6,14.0094,11769431.43024
2011-07-13,27418,1400851.4,13.951,19543277.8814
2011-07-14,28355,1935979.1,13.99,27084347.609
2011-07-15,24548,617426.8,13.81,8526664.108
2011-07-16,25807,1242726.4,13.7191,17049087.75424
2011-07-17,23757,575527.94,13.16,7573947.6904
2011-07-18,24986,3534529.8,13.48,47645461.704
2011-07-19,24685,2521505.5,13.8502,34923355.4761
2011-07-20,24064,626925.7,13.6894,8582236.67758
2011-07-21,25122,1266860.6,13.61,17241972.766
2011-07-22,24656,1560360.6,13.6954,21369762.56124
2011-07-23,20926,649613.8,13.68,8886716.784
2011-07-24,24223,734593.4,13.98,10269615.732
2011-07-25,27187,1419574.5,14.0478,19941898.6611
2011-07-26,22940,1166942,13.8821,16199605.5382
2011-07-27,24130,1362478.1,13.9394,18992127.22714
2011-07-28,24787,3380524.8,13.4901,45603617.60448
2011-07-29,21785,478729.3,13.4983,6462031.71019
2011-07-30,19006,291918.34,13.5303,3949742.715702
2011-07-31,25538,619027.75,13.35,8264020.4625
2011-08-01,24979,574798.5,13.0946,7526756.4381
2011-08-02,18896,387559.25,12.05,4670088.9625
2011-08-03,17548,433112.72,9.26,4010623.7872
2011-08-04,19957,286948.12,10.75,3084692.29
2011-08-05,21064,526913.44,9.7999,5163699.020656
2011-08-06,18963,392386.34,6.55,2570130.527
2011-08-07,20053,384890.7,7.9,3040636.53
2011-08-08,21562,1297112.2,7.7999,10117345.44878
2011-08-09,23709,2708531.8,9.99,27058232.682
2011-08-10,18739,661985,9.98,6606610.3
2011-08-11,17569,532627.6,9.4625,5039988.665
2011-08-12,16569,332842,9.4605,3148851.741
2011-08-13,18662,340292.5,10.131,3447503.3175
2011-08-14,21693,443726.7,10.7957,4790340.33519
2011-08-15,19165,324042.94,11.1498,3613013.972412
2011-08-16,22266,324602.47,10.9641,3558973.941327
2011-08-17,20370,464853.44,10.9456,5088099.812864
2011-08-18,22052,408065.47,10.83,4419349.0401
2011-08-19,20852,404643.22,11.65,4714093.513
2011-08-20,20846,224497.22,11.453,2571166.66066
2011-08-21,24041,268797.7,11.3113,3040451.42401
2011-08-22,24072,276521.53,10.895,3012702.06935
2011-08-23,21945,445735.75,10.94,4876349.105
2011-08-24,21248,582162.75,10.8506,6316815.13515
2011-08-25,22519,371009.72,9.657,3582840.86604
2011-08-26,17732,2757732,8.1794,22556593.1208
2011-08-27,19439,217316.7,8.5902,1866793.91634
2011-08-28,19125,199849.69,9.0701,1812656.673269
2011-08-29,17575,249887.62,8.969,2241242.06378
2011-08-30,18487,243800.12,8.7913,2143319.994956
2011-08-31,16724,293950.25,8.1995,2410245.074875
2011-09-01,15963,302821.3,8.21,2486162.873
2011-09-02,15980,263035.75,8.64,2272628.88
2011-09-03,14004,372641.12,8.48,3159996.6976
2011-09-04,88954,1674415.2,8.178,13693367.5056
2011-09-05,17632,2733952.8,7.611,20808114.7608
2011-09-06,17896,2795875,6.8628,19187530.95
2011-09-07,16246,489400.16,7.1864,3517025.309824
2011-09-08,16060,413751.56,6.53,2701797.6868
2011-09-09,16802,386498.2,5.03,1944085.946
2011-09-10,14786,261317.48,4.7739,1247503.517772
2011-09-11,15481,1038629.3,5.8644,6090937.66692
2011-09-12,14690,605069.06,6.078,3677609.74668
2011-09-13,15267,380760.53,5.8,2208411.074
2011-09-14,14189,276291.25,5.6193,1552563.421125
2011-09-15,14392,330282.8,4.84,1598568.752
2011-09-16,13808,685216.8,4.82,3302744.976
2011-09-17,12497,312929.8,4.77,1492675.146
2011-09-18,15191,347427.28,5.2,1806621.856
2011-09-19,15978,284082,5.46,1551087.72
2011-09-20,22315,420108.16,6.1119,2567659.063104
2011-09-21,15903,347465.94,5.6114,1949770.375716
2011-09-22,18760,293100.3,5.4278,1590889.80834
2011-09-23,19801,353233.56,5.5451,1958715.413556
2011-09-24,18845,213154.12,5.4683,1165590.674396
2011-09-25,18512,312866.6,5.33,1667578.978
2011-09-26,17640,292559.5,4.8697,1424676.99715
2011-09-27,17454,442421.25,4.9156,2174765.8965
2011-09-28,13676,356802,4.7725,1702837.545
2011-09-29,12696,327943.75,4.7794,1567374.35875
2011-09-30,13111,295342.75,5.1401,1518091.269275
2011-10-01,11837,410538.06,5.0324,2065991.733144
2011-10-02,12313,364015.7,5.027,1829906.9239
2011-10-03,13998,388851.44,5.024,1953589.63456
2011-10-04,13027,410532.6,4.96,2036241.696
2011-10-05,13208,406561.2,4.87,1979953.044
2011-10-06,13527,523323.44,4.7344,2477622.494336
2011-10-07,13101,373390.25,4.2728,1595421.8602
2011-10-08,12044,305897.66,4.0075,1225884.87245
2011-10-09,12795,317145.12,4.1029,1301214.712848
2011-10-10,13196,295313.62,4.1,1210785.842
2011-10-11,14739,340280.8,3.9308,1337575.76864
2011-10-12,11401,300570.7,4.15,1247368.405
2011-10-13,11698,300360.72,4.0462,1215319.545264
2011-10-14,13689,393498.03,3.9879,1569230.793837
2011-10-15,12114,269234.94,3.8421,1034427.562974
2011-10-16,11687,323521.94,3.557,1150767.54058
2011-10-17,13588,471980.66,2.56,1208270.4896
2011-10-18,10981,303318.03,2.419,733726.31457
2011-10-19,12216,319361.44,2.27,724950.4688
2011-10-20,10524,357783.62,2.348,840075.93976
2011-10-21,11112,620217.4,2.57,1593958.718
2011-10-22,12353,518576.78,3.1588,1638080.332664
2011-10-23,12176,533809.7,3.17,1692176.749
2011-10-24,13370,345734.6,2.545,879894.557
2011-10-25,12703,372893.94,2.77,1032916.2138
2011-10-26,11818,509153.97,2.773,1411883.95881
2011-10-27,10979,539875.94,3.04,1641222.8576
2011-10-28,11969,397912.97,3.19,1269342.3743
2011-10-29,11959,377498.3,3.5811,1351859.16213
2011-10-30,10285,201615.56,3.27,659282.8812
2011-10-31,11580,557130.25,3.248,1809559.052
2011-11-01,12369,421498.38,3.15,1327719.897
2011-11-02,12140,412801.2,3.2543,1343378.94516
2011-11-03,12563,314511.78,3.152,991341.13056
2011-11-04,14934,415770.1,3.109,1292629.2409
2011-11-05,12572,264526.44,2.97,785643.5268
2011-11-06,12149,255388.78,2.9596,755848.633288
2011-11-07,12369,462979.88,3.0068,1392087.903184
2011-11-08,14308,1342804.9,3.035,4075412.8715
2011-11-09,14652,578388.2,2.95,1706245.19
2011-11-10,13694,380063.5,2.8399,1079342.33365
2011-11-11,11446,281558.84,3.08,867201.2272
2011-11-12,11854,269990,3.031,818339.69
2011-11-13,12836,245342.88,2.9969,735268.077072
2011-11-14,13395,386239.03,2.22,857450.6466
2011-11-15,13772,1143281.1,2.329,2662701.6819
2011-11-16,13489,1812147.6,2.5604,4639822.71504
2011-11-17,11647,4325082,2.25,9731434.5
2011-11-18,11827,4524278.5,2.05,9274770.925
2011-11-19,10829,3096530.8,2.1959,6799671.98372
2011-11-20,11312,2021475.8,2.2,4447246.76
2011-11-21,11800,2663828.5,2.294,6110822.579
2011-11-22,12444,2630065,2.3289,6125158.3785
2011-11-23,11612,1028688.44,2.3321,2399004.310924
2011-11-24,11429,1649543.1,2.4321,4011853.77351
2011-11-25,12043,1489394.8,2.5061,3732572.30828
2011-11-26,11406,1060341.4,2.47,2619043.258
2011-11-27,12353,3015832.2,2.4799,7478962.27278
2011-11-28,13738,2963590.5,2.55,7557155.775
2011-11-29,14146,5332303.5,2.7502,14664901.0857
2011-11-30,14171,6056991,2.9701,17989868.9691
2011-12-01,15610,3916776.2,3.06,11985335.172
2011-12-02,13516,3693776,3.1151,11506481.6176
2011-12-03,13075,3377818.8,2.794,9437625.7272
2011-12-04,13040,2068469.4,2.8281,5849838.31014
2011-12-05,14367,4303267,2.8798,12392548.3066
2011-12-06,17975,7363434,3.03,22311205.02
2011-12-07,13388,4704183,2.99,14065507.17
2011-12-08,13443,4741824.5,2.98,14130637.01
2011-12-09,14093,1294520.5,2.97,3844725.885
2011-12-10,11406,956444.94,3.05,2917157.067
2011-12-11,12150,869840,3.2511,2827936.824
2011-12-12,13301,640902.4,3.135,2009229.024
2011-12-13,12575,327876.5,3.2499,1065565.83735
2011-12-14,12839,474639.4,3.15,1495114.11
2011-12-15,11574,432628.78,3.2,1384412.096
2011-12-16,10612,463422.38,3.2,1482951.616
2011-12-17,11102,372983.78,3.2001,1193585.394378
2011-12-18,11083,317104.78,3.193,1012515.56254
2011-12-19,14154,518457.56,3.5202,1825074.302712
2011-12-20,13913,541162.75,3.95,2137592.8625
2011-12-21,12683,561429.2,3.89,2183959.588
2011-12-22,14386,421197.62,3.8901,1638500.861562
2011-12-23,12043,226431.11,3.9468,893678.304948
2011-12-24,10369,325070.12,3.94,1280776.2728
2011-12-25,13397,310506.5,4.225,1311889.9625
2011-12-26,13545,933572.6,4.018,3751094.7068
2011-12-27,11448,463414.97,4.07,1886098.9279
2011-12-28,12258,347031.78,4.1855,1452501.51519
2011-12-29,10888,435816.53,4.166,1815611.66398
2011-12-30,12486,305228.16,4.248,1296609.22368
2011-12-31,10534,223612.8,4.722,1055899.6416
2012-01-01,12573,364393.8,5.2677,1919517.22026
2012-01-02,13308,258718.2,5.2168,1349681.10576
2012-01-03,13549,319212.25,4.8808,1558011.1498
2012-01-04,13274,442645.88,5.5738,2467219.605944
2012-01-05,15101,633829.4,6.9476,4403593.13944
2012-01-06,14819,618028.2,6.6969,4138873.05258
2012-01-07,15217,323796.75,6.81,2205055.8675
2012-01-08,14587,325526.2,7.1136,2315663.17632
2012-01-09,15244,470064.16,6.3257,2973484.856912
2012-01-10,16038,424040.1,6.36,2696895.036
2012-01-11,16498,368889.9,6.9,2545340.31
2012-01-12,15609,410731.3,6.8,2792972.84
2012-01-13,15276,346696.47,6.41,2222324.3727
2012-01-14,16922,361315.97,6.75,2438882.7975
2012-01-15,14147,255526.36,7.0018,1789144.467448
2012-01-16,16332,452256.62,6.6825,3022204.86315
2012-01-17,15973,462346.8,5.6,2589142.08
2012-01-18,14748,385167.8,5.92,2280193.376
2012-01-19,15903,360984.28,6.3598,2295787.823944
2012-01-20,16191,363898.97,6.4898,2361631.535506
2012-01-21,14195,321342.38,6.18,1985895.9084
2012-01-22,13676,288220.4,6.3097,1818584.25788
2012-01-23,15130,265936.34,6.356,1690291.37704
2012-01-24,17700,421145.84,6.2898,2648923.104432
2012-01-25,16789,423440.25,5.75,2434781.4375
2012-01-26,15318,394695.2,5.34,2107672.368
2012-01-27,14145,340263.47,5.292,1800674.28324
2012-01-28,15624,302368.94,5.6267,1701339.314698
2012-01-29,14812,317757.34,5.3809,1709820.470806
2012-01-30,15353,338538.94,5.4905,1858748.05007
2012-01-31,16118,346491.9,5.4838,1900092.28122
2012-02-01,16174,444673.34,6.0756,2701657.344504
2012-02-02,18278,386116.56,6.1,2355311.016
2012-02-03,16496,379566.7,5.9593,2261951.83531
2012-02-04,16694,333649.7,5.8734,1959658.14798
2012-02-05,15554,354362.66,5.6888,2015898.300208
2012-02-06,14750,344541.88,5.4535,1878959.14258
2012-02-07,15656,305299.12,5.69,1737151.9928
2012-02-08,17120,295355.03,5.6,1653988.168
2012-02-09,17854,291579.9,5.83,1699910.817
2012-02-10,19075,330255.66,5.9126,1952669.615316
2012-02-11,16232,458551.84,5.6005,2568119.57992
2012-02-12,18640,325567.53,5.5147,1795407.257691
2012-02-13,20473,722090.9,5.26,3798198.134
2012-02-14,21127,1114660.2,4.4629,4974617.00658
2012-02-15,23648,1881778.1,4.3251,8138878.46031
2012-02-16,18776,1172943.9,4.2739,5013044.93421
2012-02-17,14493,912944.8,4.41,4026086.568
2012-02-18,17146,647712.06,4.222,2734640.31732
2012-02-19,14830,370734.97,4.3867,1626303.092899
2012-02-20,15407,410629.25,4.3615,1790959.473875
2012-02-21,15792,451036.12,4.272,1926826.30464
2012-02-22,18134,945340.5,4.4247,4182848.11035
2012-02-23,18681,553925.9,5.015,2777938.3885
2012-02-24,17683,595877.1,5.0288,2996546.76048
2012-02-25,15392,360661.88,4.773,1721439.15324
2012-02-26,14062,313338.78,4.922,1542253.47516
2012-02-27,17206,391419.22,4.956,1939873.65432
2012-02-28,18207,380015.9,4.868,1849917.4012
2012-02-29,16571,344775.2,4.86,1675607.472
2012-03-01,17614,678732.4,4.9213,3340245.76012
2012-03-02,16052,573644.5,4.705,2698997.3725
2012-03-03,13937,536715.5,4.6144,2476620.0032
2012-03-04,17842,531258.94,4.82,2560668.0908
2012-03-05,18610,369903.7,4.9843,1843711.01191
2012-03-06,16476,411764.4,4.9901,2054745.53244
2012-03-07,17512,330372.3,4.9375,1631213.23125
2012-03-08,17653,604411.8,4.9302,2979871.05636
2012-03-09,17586,579478.8,4.8611,2816904.39468
2012-03-10,13454,366442.16,4.8332,1771088.247712
2012-03-11,13822,423570.94,4.91,2079733.3154
2012-03-12,17012,699772.25,4.8901,3421956.279725
2012-03-13,16745,389548.2,5.27,2052919.014
2012-03-14,17838,671546.25,5.38,3612918.825
2012-03-15,15682,451099.62,5.3266,2402827.235892
2012-03-16,17703,537736.75,5.3439,2873611.418325
2012-03-17,17518,495748.56,5.2159,2585774.914104
2012-03-18,14805,296892.78,5.2794,1567415.742732
2012-03-19,16557,512052.84,4.6939,2403524.825676
2012-03-20,16340,519514.56,4.8379,2513359.489824
2012-03-21,17040,480983.9,4.8149,2315889.38011
2012-03-22,16769,1020636.6,4.7043,4801380.75738
2012-03-23,15311,754096.75,4.686,3533697.3705
2012-03-24,16167,832640.2,4.676,3893425.5752
2012-03-25,14748,281667.84,4.55,1281588.672
2012-03-26,17364,587188.1,4.6191,2712280.55271
2012-03-27,16599,649919.6,4.8113,3126958.17148
2012-03-28,18051,694385.9,4.788,3324719.6892
2012-03-29,18440,1304453.8,4.8084,6272335.65192
2012-03-30,17723,821244.75,4.86,3991249.485
2012-03-31,14487,848094.56,4.9087,4163041.766672
2012-04-01,14118,587299,4.827,2834892.273
2012-04-02,16597,799712,4.974,3977767.488
2012-04-03,18013,781593.75,4.952,3870452.25
2012-04-04,15830,873803.94,4.9101,4290464.725794
2012-04-05,16427,863727.4,4.919,4248675.0806
2012-04-06,15582,527868.9,4.9499,2612898.26811
2012-04-07,15387,539325.44,4.6872,2527926.202368
2012-04-08,15107,1321462.4,4.7925,6333108.552
2012-04-09,16226,1687288,4.8719,8220298.4072
2012-04-10,20858,841409.3,4.8367,4069644.36131
2012-04-11,19584,1606276,4.9279,7915567.5004
2012-04-12,19150,985757.25,4.9197,4849629.942825
2012-04-13,17755,788262.06,4.94,3894014.5764
2012-04-14,19280,1162108.2,4.9597,5763708.03954
2012-04-15,18159,1330882.2,4.9689,6613020.56358
2012-04-16,20359,1450093.4,4.932,7151860.6488
2012-04-17,19084,1190823.5,4.9759,5925418.65365
2012-04-18,19718,968114.9,5.1178,4954618.43522
2012-04-19,18754,899817.56,5.1377,4622992.678012
2012-04-20,19864,2923447.8,5.35,15640445.73
2012-04-21,15776,1272927.2,5.2601,6695724.36472
2012-04-22,16491,659695.25,5.2035,3432724.233375
2012-04-23,18031,790541.7,4.96,3921086.832
2012-04-24,18895,662583.06,5.0982,3377980.956492
2012-04-25,17910,1092228.6,5.1318,5605098.72948
2012-04-26,23253,2001042.6,5.0976,10200514.75776
2012-04-27,17962,1358758.8,5.1095,6942578.0886
2012-04-28,18514,932801.2,4.9794,4644790.29528
2012-04-29,18742,1088783.2,4.9044,5339828.32608
2012-04-30,23095,1007746.25,4.9491,4987436.965875
2012-05-01,24612,1059941.9,5,5299709.5
2012-05-02,24933,1019005.94,5.0737,5170130.437778
2012-05-03,32915,1344726,5.1344,6904361.1744
2012-05-04,31360,1112413.9,5.067,5636601.2313
2012-05-05,29626,1238324.6,5.077,6286973.9942
2012-05-06,27818,454959.62,5.0499,2297500.585038
2012-05-07,43393,3224930.8,5.06,16318149.848
2012-05-08,37389,3327102.2,5.05,16801866.11
2012-05-09,39475,2098914.8,5.0437,10586296.57676
2012-05-10,30884,1189607.5,4.85,5769596.375
2012-05-11,38125,2191762.5,4.96,10871142
2012-05-12,39065,2943683.5,4.9462,14560047.3277
2012-05-13,38250,1739614.9,4.93,8576301.457
2012-05-14,58569,1581792,5.0059,7918292.5728
2012-05-15,50417,4612434.5,5.035,23223607.7075
2012-05-16,35072,3347281.5,5.0887,17033311.36905
2012-05-17,43251,3067321.2,5.0998,15642724.65576
2012-05-18,62146,1563050.5,5.118,7999692.459
2012-05-19,71889,1275500.1,5.0995,6504412.75995
2012-05-20,64575,2202271.2,5.09,11209560.408
2012-05-21,66507,4833203,5.0998,24648368.6594
2012-05-22,53835,3074205.8,5.0988,15674760.53304
2012-05-23,55498,1609273.6,5.1397,8271183.52192
2012-05-24,61857,996649.9,5.119,5101850.8381
2012-05-25,55271,3644199,5.1455,18751225.9545
2012-05-26,54296,3741802,5.1032,19095163.9664
2012-05-27,61552,2265981.2,5.139,11644877.3868
2012-05-28,61385,2617974.5,5.1358,13445393.4371
2012-05-29,67621,2726164.8,5.15,14039748.72
2012-05-30,53696,3353675,5.135,17221121.125
2012-05-31,45749,4085246.2,5.1801,21161983.84062
2012-06-01,61007,2566234.8,5.2748,13536375.32304
2012-06-02,29641,1917811.4,5.249,10066592.0386
2012-06-03,84788,1974781.4,5.2051,10278934.66514
2012-06-04,90604,5375892,5.266,28309447.272
2012-06-05,83689,3761021.2,5.44,20459955.328
2012-06-06,45892,2225461,5.46,12151017.06
2012-06-07,71810,6408577,5.591,35830354.007
2012-06-08,48917,4016624,5.633,22625642.992
2012-06-09,77839,1090550.6,5.56,6063461.336
2012-06-10,88380,3977728.2,5.4683,21751411.11606
2012-06-11,66595,2654664.5,5.5747,14798958.18815
2012-06-12,59945,2572687,5.7,14664315.9
2012-06-13,122853,2411036.5,5.929,14295035.4085
2012-06-14,140887,4869271.5,5.9541,28992129.43815
2012-06-15,116784,3808452.8,6.5,24754943.2
2012-06-16,90474,3421170.5,6.4,21895491.2
2012-06-17,103184,1913171.4,6.1638,11792405.87532
2012-06-18,79206,2208396.8,6.31,13934983.808
2012-06-19,87408,2187360.2,6.4988,14215216.46776
2012-06-20,76077,1465244.1,6.67,9773178.147
2012-06-21,60969,927993.06,6.6801,6199086.440106
2012-06-22,54113,2722591.8,6.5478,17826986.58804
2012-06-23,50269,2988642.2,6.4285,19212486.3827
2012-06-24,52062,1758908.8,6.35,11169070.88
2012-06-25,70008,1882998.5,6.3048,11871928.9428
2012-06-26,71063,1515884,6.4195,9731217.338
2012-06-27,68388,2466765.5,6.647,16396590.2785
2012-06-28,57367,3415656.5,6.6059,22563485.27335
2012-06-29,50599,2240395.2,6.65,14898628.08
2012-06-30,52445,1224002.4,6.69,8188576.056
2012-07-01,40287,1357694,6.629,9000153.526
2012-07-02,59074,1204191.6,6.76,8140335.216
2012-07-03,47840,1850000.6,6.4499,11932318.86994
2012-07-04,54212,1896245,6.5101,12344744.5745
2012-07-05,54192,2076857.6,6.67,13852640.192
2012-07-06,57098,2576654,6.6481,17129853.4574
2012-07-07,50735,2778735.8,6.7621,18790089.35318
2012-07-08,50481,1027750.7,6.799,6987677.0093
2012-07-09,57904,2209011.2,7.0215,15510572.1408
2012-07-10,84253,2016430.1,7.1999,14518095.07699
2012-07-11,60273,1077161.5,7.15,7701704.725
2012-07-12,50722,1607082.2,7.7644,12478029.03368
2012-07-13,65155,2819230.8,7.6651,21609686.00508
2012-07-14,44161,1952761.5,7.5421,14727922.50915
2012-07-15,64361,1484239.5,7.621,11311389.2295
2012-07-16,73604,2723205,8.4996,23146153.218
2012-07-17,71002,1932712.8,8.8,17007872.64
2012-07-18,75961,1546979.8,9.1098,14092676.58204
2012-07-19,75579,1108859.5,8.87,9835583.765
2012-07-20,80028,1983087.8,8.52,16895908.056
2012-07-21,77474,2241009.2,8.8455,19822846.8786
2012-07-22,75407,1724438.5,8.4096,14501838.0096
2012-07-23,69259,2182428.5,8.4457,18432136.38245
2012-07-24,65477,1595482.5,8.6,13721149.5
2012-07-25,60858,1057014.6,8.8,9301728.48
2012-07-26,68987,2736979.5,8.9,24359117.55
2012-07-27,62457,1900913.2,8.9,16918127.48
2012-07-28,73663,1553666.2,8.8881,13809140.55222
2012-07-29,77782,1030018,8.7103,8971765.7854
2012-07-30,76107,1180085,9.098,10736413.33
2012-07-31,84140,3038280.2,9.35,28407919.87
2012-08-01,68130,2209042,9.5503,21097013.8126
2012-08-02,68206,1689107.1,10.53,17786297.763
2012-08-03,61174,1258535.1,10.97,13806130.047
2012-08-04,67852,1596503.1,10.984,17535990.0504
2012-08-05,70618,2014043.4,10.87,21892651.758
2012-08-06,78739,2185662.5,10.8552,23725803.57
2012-08-07,63515,1860874.9,11.1,20655711.39
2012-08-08,86128,1683859.8,11.0553,18615575.24694
2012-08-09,65019,1164168.4,11.0611,12876983.08924
2012-08-10,63072,1949354.6,11.3864,22196131.21744
2012-08-11,74309,1484599.6,11.5102,17088038.31592
2012-08-12,84036,1592394.1,11.624,18509989.0184
2012-08-13,112693,1921719.1,12.0375,23132693.66625
2012-08-14,88250,1537110,12.19,18737370.9
2012-08-15,113640,1651699.8,13.25,21885022.35
2012-08-16,89596,2298048.8,13.5,31023658.8
2012-08-17,90371,2952180.5,11.5836,34196878.0398
2012-08-18,74381,1889283.2,11.61,21934577.952
2012-08-19,79610,7907567,8,63260536
2012-08-20,80577,8642749,10.1,87291764.9
2012-08-21,94212,5433138,9.915,53869563.27
2012-08-22,73389,7870804,9.8068,77187400.6672
2012-08-23,70619,9109106,10.1,92001970.6
2012-08-24,72496,9243353,10.6,97979541.8
2012-08-25,68339,3903184.2,10.5239,41076720.20238
2012-08-26,67234,3439455,10.61,36492617.55
2012-08-27,69663,7533560,10.95,82492482
2012-08-28,70919,8531862,10.94,93338570.28
2012-08-29,73044,13525350,10.9169,147654893.415
2012-08-30,75277,10525929,10.777,113437936.833
2012-08-31,89270,10390132,10.16,105563741.12
2012-09-01,80132,7707071,9.9654,76804045.3434
2012-09-02,84418,5039861.5,10.2041,51427250.73215
2012-09-03,82860,4488738,10.53,47266411.14
2012-09-04,84448,7848988,10.3847,81509385.6836
2012-09-05,92401,8351397,10.9997,91862861.5809
2012-09-06,88187,25431608,11.181,284350809.048
2012-09-07,73909,15516550,11,170682050
2012-09-08,69144,5913269.5,11.037,65264755.4715
2012-09-09,73481,3273765,11.02,36076890.3
2012-09-10,71421,24612138,11.17,274917581.46
2012-09-11,87873,15370013,11.3308,174154543.3004
2012-09-12,62453,14306552,11.3649,162592532.8248
2012-09-13,75119,21870912,11.399,249306525.888
2012-09-14,82483,15471958,11.67,180557749.86
2012-09-15,63534,8151623.5,11.75,95781576.125
2012-09-16,64463,13963742,11.87,165749617.54
2012-09-17,63315,13088449,11.89,155621658.61
2012-09-18,72642,16539695,12.25,202611263.75
2012-09-19,74509,29955308,12.5725,376613109.83
2012-09-20,72511,12516288,12.2825,153731307.36
2012-09-21,70154,27733098,12.368,343002956.064
2012-09-22,52267,13786087,12.2378,168711375.4886
2012-09-23,73820,6750968.5,12.1933,82316584.21105
2012-09-24,62281,7279510.5,12.1,88082077.05
2012-09-25,67401,1785857.1,12.197,21782099.0487
2012-09-26,72254,1601658.5,12.27,19652349.795
2012-09-27,69499,1479078.6,12.3089,18205830.57954
2012-09-28,82781,2364978,12.391,29304442.398
2012-09-29,56446,1586080.5,12.3631,19608871.82955
2012-09-30,56130,1261329.4,12.4,15640484.56
2012-10-01,77409,1792988.4,12.4,22233056.16
2012-10-02,76223,1873725.1,12.84,24058630.284
2012-10-03,65071,1234490.8,12.89,15912586.412
2012-10-04,79647,1587113.5,12.85,20394408.475
2012-10-05,82604,2348644.5,12.688,29799601.416
2012-10-06,77577,1866114.6,12.505,23335763.073
2012-10-07,92557,2058838,11.8,24294288.4
2012-10-08,99290,1546322.4,11.7781,18212739.85944
2012-10-09,84615,1220448.4,11.895,14517233.718
2012-10-10,79903,839512.5,12.12,10174891.5
2012-10-11,66443,1678550.6,12.03,20192963.718
2012-10-12,80961,2710207.5,12,32522490
2012-10-13,81202,2417229.5,11.861,28670759.0995
2012-10-14,74138,1223505,11.7389,14362602.8445
2012-10-15,77231,1191397.8,11.8381,14103886.29618
2012-10-16,89359,2566924.5,11.8499,30417798.63255
2012-10-17,84810,3852959.2,11.81,45503448.152
2012-10-18,72593,3292673.2,11.9398,39313859.47336
2012-10-19,71397,2841601,11.7401,33360679.9001
2012-10-20,89417,2491017,11.7399,29244290.4783
2012-10-21,87009,2060407.1,11.6311,23964801.02081
2012-10-22,107078,2446009.2,11.7101,28643012.33292
2012-10-23,79847,2480794,11.65,28901250.1
2012-10-24,82851,1834499.5,11.65,21371919.175
2012-10-25,61471,1212175.1,10.8616,13166161.06616
2012-10-26,57167,1308426.6,10.1706,13307483.57796
2012-10-27,44945,1499605.4,10.2605,15386701.2067
2012-10-28,49428,990308.75,10.7,10596303.625
2012-10-29,64921,1195383.4,10.6,12671064.04
2012-10-30,73802,4300727.5,10.8875,46824170.65625
2012-10-31,61724,3681285.8,11.201,41234082.2458
2012-11-01,66545,2338719.2,10.57,24720261.944
2012-11-02,67528,792023.7,10.4688,8291537.71056
2012-11-03,61062,2169351.8,10.6425,23087326.5315
2012-11-04,67612,2698110.8,10.8001,29139866.45108
2012-11-05,74730,1979458.5,10.748,21275219.958
2012-11-06,85392,2140735.8,10.899,23331879.4842
2012-11-07,80711,1497936.8,10.92,16357469.856
2012-11-08,79509,1221067.8,10.925,13340165.715
2012-11-09,66166,696855.5,10.815,7536492.2325
2012-11-10,64656,403446.75,10.89,4393535.1075
2012-11-11,59174,469628.2,10.8687,5104248.01734
2012-11-12,57737,496965.3,11.008,5470594.0224
2012-11-13,71396,1102456.4,10.9512,12073220.52768
2012-11-14,75978,2047800.6,10.95,22423416.57
2012-11-15,84469,2299618.2,11.1977,25750434.71814
2012-11-16,92943,3880237.2,11.7489,45588518.83908
2012-11-17,117834,2154840,11.7889,25403193.276
2012-11-18,80418,2004424.4,11.6515,23354550.8966
2012-11-19,88424,1629485.5,11.7999,19227765.95145
2012-11-20,93044,1304484.9,11.7328,15305260.43472
2012-11-21,89534,756329.75,11.77,8902001.1575
2012-11-22,72521,1701218.6,12.4219,21132367.32734
2012-11-23,79679,1011674.75,12.345,12489124.78875
2012-11-24,76795,1063469.8,12.4115,13199255.4227
2012-11-25,90622,988561.9,12.4821,12339328.49199
2012-11-26,82198,1090236.1,12.2455,13350486.16255
2012-11-27,70297,1850305.4,12.2,22573725.88
2012-11-28,95255,1589844.8,12.3477,19630926.63696
2012-11-29,81666,1049075.4,12.45,13060988.73
2012-11-30,86991,710465.5,12.565,8926999.0075
2012-12-01,59355,608163.06,12.562,7639744.35972
2012-12-02,55796,1535184.2,12.5,19189802.5
2012-12-03,58600,1797283.2,12.679,22787753.6928
2012-12-04,75947,2428881.2,13.41,32571296.892
2012-12-05,79837,3113953.8,13.38,41664701.844
2012-12-06,84211,3203823,13.299,42607642.077
2012-12-07,75142,1277003.5,13.4999,17239419.54965
2012-12-08,75038,1126105.4,13.4201,15112447.07854
2012-12-09,92015,1499491.1,13.388,20075186.8468
2012-12-10,87144,1161885.8,13.4334,15608076.70572
2012-12-11,93630,2065444,13.557,28001224.308
2012-12-12,81216,3375628.8,13.6989,46242401.36832
2012-12-13,96311,4115866.5,13.7001,56387782.63665
2012-12-14,84030,2511555,13.6,34157148
2012-12-15,74551,1372167.8,13.4901,18510680.83878
2012-12-16,91513,2079594.1,13.3,27658601.53
2012-12-17,102233,2135179.8,13.2501,28291345.86798
2012-12-18,127430,1770997.9,13.299,23552501.0721
2012-12-19,89276,1084038.9,13.599,14741845.0011
2012-12-20,87261,1281314.1,13.5246,17329260.67686
2012-12-21,97794,1464054.5,13.5,19764735.75
2012-12-22,111931,1246853.8,13.3714,16672180.90132
2012-12-23,86241,821082.8,13.312,10930254.2336
2012-12-24,75700,993789.56,13.38,13296904.3128
2012-12-25,79801,553707.4,13.35,7391993.79
2012-12-26,89629,751436.6,13.4679,10120272.98514
2012-12-27,108113,973406.94,13.4217,13064775.926598
2012-12-28,107758,1058353.4,13.4212,14204372.65208
2012-12-29,91196,887452.1,13.4,11891858.14
2012-12-30,101358,866088.8,13.45,11648894.36
2012-12-31,69820,1368064.8,13.51,18482555.448
2013-01-01,86365,1899683.9,13.3041,25273584.57399
2013-01-02,99882,1725851.8,13.28,22919311.904
2013-01-03,98844,2175512.8,13.3979,29147302.94312
2013-01-04,101232,2381668.2,13.5,32152520.7
2013-01-05,94436,1363301.8,13.44,18322776.192
2013-01-06,85663,1194169.8,13.454,16066360.4892
2013-01-07,7738,117318.48,13.5876,1594076.578848
